kategori_folder,file,username,nama,level,star_creator,rating,kategori,pengikut,mcn,bio,gmv,produk_terjual,gpm,gmv_per_pembeli,gmv_live_pct,gmv_video_pct,gmv_kategori,peluang_posting,komisi_pct,produk,kolab_merek,gpm_video,jml_video,avg_tayangan_video,engagement_video_pct,gpm_live,jml_live,avg_tayangan_live,engagement_live_pct,laki_pct,perempuan_pct,usia_18_24,usia_25_34,usia_35_44,usia_45_54,usia_55plus,periode,creator_id,url
keperluan mandi & perawatan tubuh,Tokopedia & Shop Affiliate.pdf,mamihangel10,Mamih Angel shop,7,ya,Belum ada rating,"Perawatan & Kec… , +2","679,6 rb",,ENDORSE YUUK,"Rp1,2M","31,54 rb","Rp112,3rb","Rp46,4rb","29,06%","70,47%","Perawatan & Ke… 99,95%; Lainnya 0,03%; Kartu produk 0,47%; Renovasi Rumah 0,02%",8%,"7,5%",64,5,"Rp87,8rb",64,"8,82 rb","0,85%","Rp352,3rb",68,"46,46 rb","5,99%","64,60%","35,40%","7,30%","33,30%","35,90%","17,20%","6,30%",20 Agu 2026 - 19 Sep 2026,7495409746874107984,https://affiliate-id.tokopedia.com/affiliate/creator/detail?cid=7495409746874107984&pair_source=author_filter&enter_from=affiliate_find_creators&search_key=85G85A22RBfPEiuwYKunBZVoBj5g2AdAqT0HKYCPNDo=&req_id=&query=&shop_region=ID&shop_id=7495839165477914693
keperluan mandi & perawatan tubuh,_ikhfinamlyy _ Tokopedia & Shop Affiliate.pdf,_ikhfinamlyy,_ikhfinaMlyy,7,ya,Belum ada rating,"Perawatan & Kec… , +2","180,2 rb",AFTER Affiliate Partner,Hi brand! Let’s collaborate ✨Endorsement | | Business inq +62 857-2362-8414 | ⚠️ CO tanpa konfirmasi saya = BUKAN SAYA! | Waspada penipuan 🙏,Rp3M,"35,22 rb","Rp395,9rb","Rp100,9rb","88,44%","11,43%","Perawatan & Ke… 99,90%; Perlengkapan R… 0,08%; Kartu produk 0,13%; Lainnya 0,02%","58,62%",10%,66,17,"Rp59,4rb",133,"3,93 rb","1,22%","Rp1,5jt",171,"38,66 rb","10,1%","17,35%","82,65%","26,60%","54,00%","13,90%","3,20%","2,30%",21 Agu 2026 - 20 Sep 2026,7494647706050594975,https://affiliate-id.tokopedia.com/affiliate/creator/detail?cid=7494647706050594975&pair_source=author_filter&enter_from=affiliate_find_creators&search_key=85G85A22RBfPEiuwYKunBZVoBj5g2AdAqT0HKYCPNDo=&req_id=&query=&shop_region=ID&shop_id=7495839165477914693
keperluan mandi & perawatan tubuh,adellliiyyaaaa _ Tokopedia & Shop Affiliate.pdf,adellliiyyaaaa,ADELIAREGINA_Real,7,ya,Belum ada rating,"Perawatan & Kec… , +2","1,1 jt",,Konsultasi wajib ke akun (@ALL FACE ) | instagram : Adeliaregina_real | @OWNER ALL FACE | orang sesungguhnya di @ADELIA REGINA PUTRI,Rp1JT+,"46,3 rb","Rp1,3jt","Rp0-Rp89,4rb","95,24%","0,03%","Perawatan & Ke… 99,99%; Kartu produk 4,73%; Lainnya 0,01%",0%,--,14,1,"Rp23,9rb",91,"15,43 rb","4,96%","Rp1,3jt",30,"293,88 rb","52,28%","34,90%","65,10%","20,70%","54,00%","18,00%","4,10%","3,20%",21 Agu 2026 - 20 Sep 2026,7495015975074498709,https://affiliate-id.tokopedia.com/affiliate/creator/detail?cid=7495015975074498709&pair_source=author_filter&enter_from=affiliate_find_creators&search_key=85G85A22RBfPEiuwYKunBZVoBj5g2AdAqT0HKYCPNDo=&req_id=&query=&shop_region=ID&shop_id=7495839165477914693
keperluan mandi & perawatan tubuh,ananda_firsty _ Tokopedia & Shop Affiliate.pdf,ananda_firsty,ananda firsty,7,ya,Belum ada rating,"Perawatan & Kec… , +2","94,8 rb",AI Media Nusantara,Masyaallah TabarakAllah | Cari kebutuhan cantikmu ? Ada disini 🫶🏻 | Open || endorse 081331435834 📱 | BISSMILAH •sehat •bahagia •kaya raya,"Rp1,6M","28,72 rb","Rp48,2rb","Rp58,5rb",,"99,97%","Perawatan & Ke… 89,85%; Lainnya 4,09%; Kartu produk 0,03%; Pakaian & Dala… 3,94%; Perlengkapan R… 2,12%","85,88%",6%,170,95,"Rp48,2rb",883,917,"0,72%","Rp60,3rb",2,"16,5 rb","8,06%","37,10%","62,90%","25,20%","49,00%","16,50%","5,40%","3,90%",21 Agu 2026 - 20 Sep 2026,7494040614228952895,https://affiliate-id.tokopedia.com/affiliate/creator/detail?cid=7494040614228952895&pair_source=author_filter&enter_from=affiliate_find_creators&search_key=85G85A22RBfPEiuwYKunBZVoBj5g2AdAqT0HKYCPNDo=&req_id=&query=&shop_region=ID&shop_id=7495839165477914693
keperluan mandi & perawatan tubuh,andhitairianto _ Tokopedia & Shop Affiliate.pdf,andhitairianto,OWNER AFTERMYSKIN,7,ya,Belum ada rating,"Perawatan & Kec… , +2","930,5 rb",AFTER Affiliate Partner,OWNER ROYAL AFTERMYSKIN | KMPLN 082281575641 (fastrspn) | @Aftermyskin @After Beaute | @OWNER ROYAL AFTERMYSKIN | DAFTAR AFF REGULER KLIK ⬇️,"Rp6,3M","67,32 rb","Rp876,9rb","Rp162,5rb","92,89%","3,93%","Perawatan & Ke… 99,88%; Lainnya 0,07%; Koper & Tas 0,04%; Kartu produk 3,18%; Pakaian & Dala… 0,01%",--,10%,150,30,"Rp49,5rb",217,"6,25 rb","2,84%",Rp3jt,8,"936,68 rb","80,78%","18,25%","81,75%","27,80%","52,10%","13,90%","3,50%","2,70%",21 Agu 2026 - 20 Sep 2026,7494002888596227532,https://affiliate-id.tokopedia.com/affiliate/creator/detail?cid=7494002888596227532&pair_source=author_filter&enter_from=affiliate_find_creators&search_key=85G85A22RBfPEiuwYKunBZVoBj5g2AdAqT0HKYCPNDo=&req_id=&query=&shop_region=ID&shop_id=7495839165477914693
keperluan mandi & perawatan tubuh,anggela_permatasari _ Tokopedia & Shop Affiliate.pdf,anggela_permatasari,OWNER ANGEL TACIK,7,ya,Belum ada rating,"Perawatan & Kec… , +2","3,7 jt",,I ❤️ ALLAH | Official akun | https://www.instagram.c…,"Rp1,5M","13,3 rb","Rp1,5jt","Rp139,4rb","97,14%","0,06%","Perawatan & Ke… 99,98%; Kartu produk 2,80%; Lainnya 0,02%",--,"10,5%",13,1,"Rp16,6rb",37,"425,23 rb","4,72%","Rp1,6jt",16,"453,86 rb","16,5%","37,62%","62,38%","16,70%","50,20%","23,90%","6,10%","3,10%",21 Agu 2026 - 20 Sep 2026,7494381965555239645,https://affiliate-id.tokopedia.com/affiliate/creator/detail?cid=7494381965555239645&pair_source=author_filter&enter_from=affiliate_find_creators&search_key=85G85A22RBfPEiuwYKunBZVoBj5g2AdAqT0HKYCPNDo=&req_id=&query=&shop_region=ID&shop_id=7495839165477914693
keperluan mandi & perawatan tubuh,apingkosmetikaa _ Tokopedia & Shop Affiliate.pdf,apingkosmetikaa,aapingg,7,ya,Belum ada rating,"Perawatan & Kec… , +2","35,6 rb",,Skincare Promo🤩 | Live setiap hari 🥳🥳 | Jangan curi video plissss🙏🏻 | Demi kebaikan bersama🙏🏻,Rp1JT+,"22,52 rb","Rp71,3rb","Rp0-Rp89,3rb","8,62%","91,34%","Perawatan & Ke… 99,94%; Kesehatan 0,03%; Lainnya 0,02%; Kartu produk 0,04%; Koper & Tas 0,01%","93,15%",--,189,14,"Rp65,5rb",611,609,"0,6%","Rp1,1jt",64,"138,98 rb","2,16%","26,69%","73,31%","19,70%","46,40%","22,80%","7,70%","3,40%",21 Agu 2026 - 20 Sep 2026,7494051289966677079,https://affiliate-id.tokopedia.com/affiliate/creator/detail?cid=7494051289966677079&pair_source=author_filter&enter_from=affiliate_find_creators&search_key=CNB3JVXRVdI6IdTh5ljuIbJbK2z2kPcRW6cyTCZMtks=&req_id=&query=&shop_region=ID&shop_id=7495839165477914693
keperluan mandi & perawatan tubuh,ayuutwhyn _ Tokopedia & Shop Affiliate.pdf,ayuutwhyn,ayuutwhyn,7,ya,Belum ada rating,"Perawatan & Kec… , +2","309,4 rb",,Eksklusif Burgundy Series | join reseller daviena +628218562165 | ORDER! | @Daviena By Ayuutwhyn @EKSKLUSIF KOMUNITAS | DAVIENA | Global Media Agency | https://www.instagram.c…,Rp1JT+,"29,09 rb","Rp924,5rb","Rp178,8rb-Rp268,1rb","90,63%","8,44%","Perawatan & Ke… 99,99%; Lainnya 0,01%; Kartu produk 0,93%",0%,--,48,2,"Rp109,2rb",35,"13,16 rb","4,64%",Rp3jt,24,"331,36 rb","47,8%","20,43%","79,57%","28,90%","51,00%","13,50%","3,20%","3,40%",21 Agu 2026 - 20 Sep 2026,7494028500132791428,https://affiliate-id.tokopedia.com/affiliate/creator/detail?cid=7494028500132791428&pair_source=author_filter&enter_from=affiliate_find_creators&search_key=85G85A22RBfPEiuwYKunBZVoBj5g2AdAqT0HKYCPNDo=&req_id=&query=&shop_region=ID&shop_id=7495839165477914693
keperluan mandi & perawatan tubuh,beliicia _ Tokopedia & Shop Affiliate.pdf,beliicia,beliicia,7,ya,Belum ada rating,"Perawatan & Kec… , +2",157 rb,,REVIEW PRODUK BEAUTY TERUPDATEE | 💌CP: 081342171772 (Andrew) | 📍SBY | Gbuu! | https://msha.ke/beliicia,Rp1JT+,"47,98 rb","Rp28,7rb","Rp0-Rp89,4rb",,"99,96%","Perawatan & Ke… 99,72%; Makanan & Min… 0,14%; Kartu produk 0,04%; Kesehatan 0,08%; Lainnya 0,06%","68,25%",--,532,118,"Rp28,7rb",144,49 rb,"1,73%",Rp0,0,0,0%,"28,37%","71,63%","33,40%","41,80%","14,70%","5,70%","4,40%",21 Agu 2026 - 20 Sep 2026,7494003842096202764,https://affiliate-id.tokopedia.com/affiliate/creator/detail?cid=7494003842096202764&pair_source=author_filter&enter_from=affiliate_find_creators&search_key=85G85A22RBfPEiuwYKunBZVoBj5g2AdAqT0HKYCPNDo=&req_id=&query=&shop_region=ID&shop_id=7495839165477914693
keperluan mandi & perawatan tubuh,bellashofie_rigan _ Tokopedia & Shop Affiliate.pdf,bellashofie_rigan,BELLA SHOFIE DABE BEAUTE,7,ya,Belum ada rating,"Perawatan & Kec… , +2","3,9 jt",FYC,CHECKOUT HANYA DI TAG MALL: dabebeaute.id | DAFTAR AFFILIATE DABE👇🏻 | https://docs.google.com/…,Rp1JT+,"97,59 rb","Rp295,9rb","Rp89,3rb-Rp178,6rb","88,62%","9,89%","Perawatan & Ke… 99,91%; Ibu & Bayi 0,08%; Kartu produk 1,49%; Lainnya 0,01%",--,--,187,2,"Rp48,2rb",193,"182,53 rb","3,67%","Rp694,3rb",90,"188,02 rb","587,53%","26,41%","73,59%","12,80%","42,30%","28,10%","11,40%","5,40%",21 Agu 2026 - 20 Sep 2026,7493998172165277242,https://affiliate-id.tokopedia.com/affiliate/creator/detail?cid=7493998172165277242&pair_source=author_filter&enter_from=affiliate_find_creators&search_key=CNB3JVXRVdI6IdTh5ljuIbJbK2z2kPcRW6cyTCZMtks=&req_id=&query=&shop_region=ID&shop_id=7495839165477914693
keperluan mandi & perawatan tubuh,davienaskincare.haiga _ Tokopedia & Shop Affiliate.pdf,davienaskincare.haiga,DAVIENASKINCAREJAWA,7,ya,Belum ada rating,"Perawatan & Kec… , +2",733 rb,,"""LEADER DAVIENA SKINCARE"" | @HAIGA SOVIA | open reseller | affiliator | Global Media Agency","Rp1,4M","15,97 rb","Rp216,8rb","Rp103,1rb","69,97%","24,38%","Perawatan & Ke… 100,00%; Kartu produk 5,65%",100%,"8,5%",86,3,"Rp73,2rb",106,"17,72 rb","2,91%","Rp684,9rb",225,"77,98 rb","25,38%","20,57%","79,43%","28,00%","49,80%","15,40%","3,70%","3,10%",21 Agu 2026 - 20 Sep 2026,7494895043631418194,https://affiliate-id.tokopedia.com/affiliate/creator/detail?cid=7494895043631418194&pair_source=author_filter&enter_from=affiliate_find_creators&search_key=85G85A22RBfPEiuwYKunBZVoBj5g2AdAqT0HKYCPNDo=&req_id=&query=&shop_region=ID&shop_id=7495839165477914693
keperluan mandi & perawatan tubuh,davienaskincarestore.ayu _ Tokopedia & Shop Affiliate.pdf,davienaskincarestore.ayu,DAVIENA SKINCARE AYU,7,ya,Belum ada rating,"Perawatan & Kec… , +2","412,4 rb",,"JOIN LIVE SETIAP HARI 🕕""06.00-24.00""🕐 | DISTRIBUTOR DAVIENA SKINCARE | By.@Aprilia Ayu ♥️ | OPEN 1000 RESELLER:085692211295📲 | shopee.co.id/davienaskin…",Rp1JT+,10 rb,"Rp1,4jt","Rp178,6rb-Rp267,8rb","91,88%","4,10%","Perawatan & Ke… 100,00%; Kartu produk 4,02%",50%,--,97,8,"Rp119,3rb",88,"7,88 rb","1,77%","Rp2,6jt",31,"115,87 rb","12,8%","18,97%","81,03%","26,20%","51,10%","16,50%","3,60%","2,60%",21 Agu 2026 - 20 Sep 2026,7494691312075770471,https://affiliate-id.tokopedia.com/affiliate/creator/detail?cid=7494691312075770471&pair_source=author_filter&enter_from=affiliate_find_creators&search_key=CNB3JVXRVdI6IdTh5ljuIbJbK2z2kPcRW6cyTCZMtks=&req_id=&query=&shop_region=ID&shop_id=7495839165477914693
keperluan mandi & perawatan tubuh,deaputfi _ Tokopedia & Shop Affiliate.pdf,deaputfi,OWNER BEAUTHINC,7,ya,Belum ada rating,"Perawatan & Kec… , +2","812,4 rb",,admin OWNER: 082195667706 | @Beauthinc.id,"Rp1,4M","18,98 rb","Rp1,5jt","Rp153,5rb","96,47%","2,27%","Perawatan & Ke… 91,91%; Kesehatan 8,08%; Kartu produk 1,26%; Lainnya 0,01%",--,"9,99%",59,1,"Rp132,6rb",26,"60,99 rb","1,84%",Rp2jt,15,"221,22 rb","78,36%","18,76%","81,24%","23,40%","50,30%","19,40%","4,70%","2,20%",21 Agu 2026 - 20 Sep 2026,7494002371253536516,https://affiliate-id.tokopedia.com/affiliate/creator/detail?cid=7494002371253536516&pair_source=author_filter&enter_from=affiliate_find_creators&search_key=CNB3JVXRVdI6IdTh5ljuIbJbK2z2kPcRW6cyTCZMtks=&req_id=&query=&shop_region=ID&shop_id=7495839165477914693
keperluan mandi & perawatan tubuh,dedehwne_ _ Tokopedia & Shop Affiliate.pdf,dedehwne_,dedeh_DSL,7,ya,3.0,"Perawatan & Kec… , +2","93,4 rb",AFTER Affiliate Partner,calm feminine creator ✨ | beauty • fashion • daily life | 🤍 open for brand partnerships | 📞 085840326676,"Rp1,7M","32,61 rb","Rp976,3rb","Rp61,7rb","98,24%","1,58%","Perawatan & Ke… 99,96%; Pakaian & Dala… 0,02%; Lainnya 0,01%; Kartu produk 0,18%; Fashion Muslim 0,01%","65,11%",10%,83,65,"Rp46,6rb",86,"4,44 rb","2,27%","Rp1,4jt",127,"34,41 rb","17,31%","17,27%","82,73%","26,80%","53,80%","13,90%","3,10%","2,40%",21 Agu 2026 - 20 Sep 2026,7495972938617686865,https://affiliate-id.tokopedia.com/affiliate/creator/detail?cid=7495972938617686865&pair_source=author_filter&enter_from=affiliate_find_creators&search_key=85G85A22RBfPEiuwYKunBZVoBj5g2AdAqT0HKYCPNDo=&req_id=&query=&shop_region=ID&shop_id=7495839165477914693
keperluan mandi & perawatan tubuh,dilanjaniyar _ Tokopedia & Shop Affiliate.pdf,dilanjaniyar,Dilan Janiyar,7,ya,Belum ada rating,"Perawatan & Kec… , +2","3,5 jt",FYC,Aku juga @Dilan Janiyar_2 | Anak ku @Hayza Annarou | Lipcream ku @Girl's Therapy,Rp1JT+,"16,05 rb","Rp470,8rb","Rp89,4rb-Rp178,8rb",,,,0%,--,261,38,"Rp52,3rb",36,"125,48 rb","9,65%","Rp795,4rb",35,"549,3 rb","4,32%",,,,,,,,21 Agu 2026 - 20 Sep 2026,7493989972655506768,https://affiliate-id.tokopedia.com/affiliate/creator/detail?cid=7493989972655506768&pair_source=author_filter&enter_from=affiliate_find_creators&search_key=85G85A22RBfPEiuwYKunBZVoBj5g2AdAqT0HKYCPNDo=&req_id=&query=&shop_region=ID&shop_id=7495839165477914693
keperluan mandi & perawatan tubuh,dirvin.family _ Tokopedia & Shop Affiliate.pdf,dirvin.family,Dirvin_tukang Review,7,ya,Belum ada rating,"Perawatan & Kec… , +2","18,6 rb",YUXI JAYATAMA,"Spill Skincare, Body Care dan Hair Care | ❌ Curi Video Denda ❌ | Endorsement: DM","Rp2,1M","36,99 rb","Rp62,8rb","Rp60,7rb",,"99,95%","Perawatan & Ke… 100,00%; Kartu produk 0,05%","67,44%",6%,365,37,"Rp62,8rb",422,"1,21 rb","0,34%",Rp0,0,0,0%,"19,32%","80,68%","26,60%","49,10%","16,60%","4,50%","3,20%",21 Agu 2026 - 20 Sep 2026,7495464829927459709,https://affiliate-id.tokopedia.com/affiliate/creator/detail?cid=7495464829927459709&pair_source=author_filter&enter_from=affiliate_find_creators&search_key=CNB3JVXRVdI6IdTh5ljuIbJbK2z2kPcRW6cyTCZMtks=&req_id=&query=&shop_region=ID&shop_id=7495839165477914693
keperluan mandi & perawatan tubuh,diskonpaydaysale _ Tokopedia & Shop Affiliate.pdf,diskonpaydaysale,Paydaysale,7,ya,Belum ada rating,"Perawatan & Kec… , +2","46,1 rb",AFTER Affiliate Partner,✔️ LIVE JUALAN YANG LAGI PROMO | Sec Acc @Dea_AURA ᥫ,"Rp2,1M","21,59 rb","Rp715,5rb","Rp127,5rb","95,78%","4,15%","Perawatan & Ke… 99,98%; Lainnya 0,02%; Kartu produk 0,07%",100%,10%,68,23,"Rp49,4rb",588,848,"1,05%","Rp1,7jt",180,"14,49 rb","14,48%","18,27%","81,73%","28,20%","51,80%","14,00%","3,50%","2,50%",21 Agu 2026 - 20 Sep 2026,7496118060327668379,https://affiliate-id.tokopedia.com/affiliate/creator/detail?cid=7496118060327668379&pair_source=author_filter&enter_from=affiliate_find_creators&search_key=85G85A22RBfPEiuwYKunBZVoBj5g2AdAqT0HKYCPNDo=&req_id=&query=&shop_region=ID&shop_id=7495839165477914693
keperluan mandi & perawatan tubuh,dokterdetektifhero _ Tokopedia & Shop Affiliate.pdf,dokterdetektifhero,Dokter Detektif New!,7,ya,Belum ada rating,"Perawatan & Kec… , +2","794,2 rb",KOLABE,,Rp1JT+,"12,96 rb","Rp276,2rb","Rp89,3rb-Rp178,6rb","96,12%","3,14%","Perawatan & Ke… 91,63%; Kesehatan 6,57%; Makanan & Min… 1,65%; Kartu produk 0,74%; Lainnya 0,15%",--,--,263,15,"Rp10,9rb",143,"8,63 rb","1,16%","Rp1,4jt",21,"175,34 rb","30,99%","25,97%","74,03%","13,30%","48,80%","26,00%","8,80%","3,10%",21 Agu 2026 - 20 Sep 2026,7494039898672498135,https://affiliate-id.tokopedia.com/affiliate/creator/detail?cid=7494039898672498135&pair_source=author_filter&enter_from=affiliate_find_creators&search_key=CNB3JVXRVdI6IdTh5ljuIbJbK2z2kPcRW6cyTCZMtks=&req_id=&query=&shop_region=ID&shop_id=7495839165477914693
keperluan mandi & perawatan tubuh,el.lisss1 _ Tokopedia & Shop Affiliate.pdf,el.lisss1,el.lisss1,7,ya,Belum ada rating,"Perawatan & Kec… , +2","55,1 rb",YUXI JAYATAMA,LIVE TIAP HARI💕 | ✅ Promo Ter-murahh🔥 | ✨ Dm IG : @el.lisss11 📧 | CURI VIDIO DENDA!🚨,"Rp1,2M","27,17 rb","Rp89,5rb","Rp53,3rb","44,43%","55,55%","Perawatan & Ke… 100,00%; Kartu produk 0,02%","14,28%","8,35%",236,35,"Rp51,3rb",515,679,"0,46%","Rp1,3jt",59,"207,42 rb","2,88%","22,75%","77,25%","24,60%","48,40%","18,80%","5,60%","2,60%",21 Agu 2026 - 20 Sep 2026,7493993518565524529,https://affiliate-id.tokopedia.com/affiliate/creator/detail?cid=7493993518565524529&pair_source=author_filter&enter_from=affiliate_find_creators&search_key=CNB3JVXRVdI6IdTh5ljuIbJbK2z2kPcRW6cyTCZMtks=&req_id=&query=&shop_region=ID&shop_id=7495839165477914693
keperluan mandi & perawatan tubuh,fasyaanandaaa _ Tokopedia & Shop Affiliate.pdf,fasyaanandaaa,Fasyaanandaaa,7,ya,Belum ada rating,"Perawatan & Kec… , +2","597,7 rb",Emtek Commerce,MasyaAllah Tabarakallah | Endorse? 082180327206 | DAFTAR AFFILIATE AFTER⬇️ | https://forms.gle/dMHBJ…,"Rp5,3M","65,38 rb","Rp338,8rb",Rp106rb,"81,91%","17,96%","Perawatan & Ke… 99,98%; Perlengkapan R… 0,01%; Kartu produk 0,13%; Lainnya 0,01%","70,1%",10%,74,15,"Rp69,1rb",129,"14,38 rb","1,12%","Rp2,2jt",135,"96,91 rb","9,53%","19,06%","80,94%","25,30%","52,20%","15,50%","4,30%","2,70%",20 Agu 2026 - 19 Sep 2026,7493992321377993744,https://affiliate-id.tokopedia.com/affiliate/creator/detail?cid=7493992321377993744&pair_source=author_filter&enter_from=affiliate_find_creators&search_key=85G85A22RBfPEiuwYKunBZVoBj5g2AdAqT0HKYCPNDo=&req_id=&query=&shop_region=ID&shop_id=7495839165477914693
keperluan mandi & perawatan tubuh,gilangafif_ _ Tokopedia & Shop Affiliate.pdf,gilangafif_,Gilang Afif,7,ya,Belum ada rating,"Perawatan & Kec… , +2",28 rb,YUXI JAYATAMA,CP : 081332943254 | mas mas pekerja lapang yang berusaha rawat tubuh | Ganteng gak harus Cakep 😎,"Rp2,4M","67,34 rb","Rp99,9rb","Rp39,1rb",,"99,99%","Perawatan & Ke… 99,96%; Pakaian & Dala… 0,02%; Kartu produk 0,01%; Lainnya 0,02%","99,17%","9,5%",123,38,"Rp99,9rb",146,752,"0,65%",Rp0,0,1,0%,"39,13%","60,87%","11,20%","31,80%","27,40%","18,60%","11,00%",21 Agu 2026 - 20 Sep 2026,7495950501893343585,https://affiliate-id.tokopedia.com/affiliate/creator/detail?cid=7495950501893343585&pair_source=author_filter&enter_from=affiliate_find_creators&search_key=CNB3JVXRVdI6IdTh5ljuIbJbK2z2kPcRW6cyTCZMtks=&req_id=&query=&shop_region=ID&shop_id=7495839165477914693
keperluan mandi & perawatan tubuh,glad2glow_bodyserum _ Tokopedia & Shop Affiliate.pdf,glad2glow_bodyserum,glad2glow_bodyserum,7,ya,Belum ada rating,"Perawatan & Kec… , +2","273,9 rb",,Let's Glow Together,Rp1JT+,"58,9 rb","Rp186,1rb","Rp0-Rp89,4rb","94,63%","4,96%","Perawatan & Ke… 100,00%; Kartu produk 0,41%",--,--,230,1,"Rp10,3rb",246,"5,63 rb","0,31%","Rp1,8jt",33,"35,86 rb","0,56%","22,21%","77,79%","13,20%","50,30%","27,70%","6,40%","2,40%",21 Agu 2026 - 20 Sep 2026,7496059769325980474,https://affiliate-id.tokopedia.com/affiliate/creator/detail?cid=7496059769325980474&pair_source=author_filter&enter_from=affiliate_find_creators&search_key=85G85A22RBfPEiuwYKunBZVoBj5g2AdAqT0HKYCPNDo=&req_id=&query=&shop_region=ID&shop_id=7495839165477914693
keperluan mandi & perawatan tubuh,hennyluvyu _ Tokopedia & Shop Affiliate.pdf,hennyluvyu,Mbak Henny,7,ya,Belum ada rating,"Perawatan & Kec… , +2","207,3 rb",,SKINCARE BODYCARE 🌻 | ORDER DI KERANJANG ‼️ | Endorsement‼️dm😎,Rp1JT+,"43,18 rb","Rp81,7rb","Rp0-Rp89,3rb",,"99,72%","Perawatan & Ke… 99,99%; Kartu produk 0,28%; Lainnya 0,01%","97,54%",--,111,15,"Rp81,7rb",141,"1,15 rb","0,7%",Rp0,0,1,0%,"22,16%","77,84%","10,70%","43,80%","28,00%","12,00%","5,50%",21 Agu 2026 - 20 Sep 2026,7494876822213069276,https://affiliate-id.tokopedia.com/affiliate/creator/detail?cid=7494876822213069276&pair_source=author_filter&enter_from=affiliate_find_creators&search_key=CNB3JVXRVdI6IdTh5ljuIbJbK2z2kPcRW6cyTCZMtks=&req_id=&query=&shop_region=ID&shop_id=7495839165477914693
keperluan mandi & perawatan tubuh,iindrayoni _ Tokopedia & Shop Affiliate.pdf,iindrayoni,YONI,8,ya,Belum ada rating,"Perawatan & Kec… , +2","9,5 jt",ONE LINK MEDIA,Owner yoni skincare | @VICHY.SHOP @YONI WEAR@MISS YON | https://msha.ke/yoniskinc…,Rp1JT+,"70,94 rb","Rp728,1rb","Rp178,8rb-Rp268,2rb","98,50%","0,34%","Kartu produk 1,16%; Perawatan & Ke… 100,00%",--,--,289,0,"Rp18,7rb",114,"14,84 rb","5,04%","Rp839,7rb",133,"382,27 rb","8,24%","52,27%","47,73%","12,40%","42,00%","27,60%","12,20%","5,80%",21 Agu 2026 - 20 Sep 2026,7494001240388633893,https://affiliate-id.tokopedia.com/affiliate/creator/detail?cid=7494001240388633893&pair_source=author_filter&enter_from=affiliate_find_creators&search_key=85G85A22RBfPEiuwYKunBZVoBj5g2AdAqT0HKYCPNDo=&req_id=&query=&shop_region=ID&shop_id=7495839165477914693
keperluan mandi & perawatan tubuh,iketiaaa _ Tokopedia & Shop Affiliate.pdf,iketiaaa,Iketiaaa,7,ya,Belum ada rating,"Perawatan & Kec… , +2","40,3 rb",,Hi🌷pejuang glow up kumpul sini! | ‼️CURI VIDEO DENDA 200JT‼️ | https://www.instagram.c…,Rp1JT+,"27,68 rb","Rp136,7rb","Rp0-Rp89,4rb","0,08%","99,75%","Perawatan & Ke… 99,68%; Kesehatan 0,15%; Kartu produk 0,17%; Fashion Muslim 0,13%; Lainnya 0,04%","97,53%",--,175,47,"Rp136,6rb",441,"1,04 rb",2%,"Rp1,3jt",3,"18,94 rb","15,94%","19,89%","80,11%","27,70%","49,00%","15,40%","4,70%","3,20%",21 Agu 2026 - 20 Sep 2026,7494000813274531015,https://affiliate-id.tokopedia.com/affiliate/creator/detail?cid=7494000813274531015&pair_source=author_filter&enter_from=affiliate_find_creators&search_key=85G85A22RBfPEiuwYKunBZVoBj5g2AdAqT0HKYCPNDo=&req_id=&query=&shop_region=ID&shop_id=7495839165477914693
keperluan mandi & perawatan tubuh,indrisaf1611 _ Tokopedia & Shop Affiliate.pdf,indrisaf1611,Barbiejowo09,7,ya,.,"Perawatan & Kec… , +2",2 jt,,BA @refliskin.id | selain akun ini lainya akunfake!! | BWX-PDN🤍 | Join DISTRIBUTOR/RESSELER DM TIKTOK❤️,"Rp1,8M","26,73 rb","Rp319,9rb","Rp91,3rb","94,95%","5,05%","Perawatan & Ke… 99,82%; Makanan & Min… 0,10%; Kesehatan 0,06%; Lainnya 0,02%",--,"8,5%",73,4,"Rp50,9rb",77,"211,21 rb","3,02%","Rp445,1rb",78,"182,1 rb","29,64%","55,98%","44,02%","27,50%","52,20%","15,60%","3,00%","1,70%",21 Agu 2026 - 20 Sep 2026,7493997390854259742,https://affiliate-id.tokopedia.com/affiliate/creator/detail?cid=7493997390854259742&pair_source=author_filter&enter_from=affiliate_find_creators&search_key=CNB3JVXRVdI6IdTh5ljuIbJbK2z2kPcRW6cyTCZMtks=&req_id=&query=&shop_region=ID&shop_id=7495839165477914693
keperluan mandi & perawatan tubuh,iqissyy___ _ Tokopedia & Shop Affiliate.pdf,iqissyy___,Glow with Me🍒💝,7,ya,Belum ada rating,"Perawatan & Kec… , +2","148,8 rb",YUXI JAYATAMA,‼️LIVE PROMO SETIAP HARI 24JAM NON STOP‼️ | 📩 FULL❌ close endorse sampai oktober🤍,"Rp2,5M","45,32 rb","Rp74,7rb","Rp59,2rb","8,60%","91,28%","Perawatan & Ke… 99,66%; Lainnya 0,15%; Koper & Tas 0,13%; Kartu produk 0,12%; Furnitur 0,06%","91,45%","6,54%",279,32,"Rp69,2rb","1,3 rb",1 rb,"0,44%","Rp512,9rb",212,"50,98 rb","0,96%","21,52%","78,48%","14,40%","49,40%","26,50%","6,90%","2,80%",21 Agu 2026 - 20 Sep 2026,7494003997960406417,https://affiliate-id.tokopedia.com/affiliate/creator/detail?cid=7494003997960406417&pair_source=author_filter&enter_from=affiliate_find_creators&search_key=85G85A22RBfPEiuwYKunBZVoBj5g2AdAqT0HKYCPNDo=&req_id=&query=&shop_region=ID&shop_id=7495839165477914693
keperluan mandi & perawatan tubuh,jojoandclaire _ Tokopedia & Shop Affiliate.pdf,jojoandclaire,jo & claire ˚⟡˖ ࣪,7,ya,5.0,"Perawatan & Kec… , +2","26,4 rb",,ugc-style creator | cp: +6287813125005 | ig: @jonathanlienardo & @claireptrcia,"Rp2,3M","68,64 rb","Rp40,8rb","Rp37,5rb","0,77%","99,19%","Perawatan & Ke… 94,85%; Kesehatan 4,43%; Lainnya 0,39%; Kartu produk 0,04%; Makanan & Min… 0,33%","93,02%","7,5%",102,55,"Rp40,5rb",124,"5,93 rb","1,41%","Rp986,5rb",1,"354,02 rb","0,48%","30,23%","69,77%","29,10%","44,30%","16,70%","6,00%","3,90%",21 Agu 2026 - 20 Sep 2026,7493998008716003056,https://affiliate-id.tokopedia.com/affiliate/creator/detail?cid=7493998008716003056&pair_source=author_filter&enter_from=affiliate_find_creators&search_key=85G85A22RBfPEiuwYKunBZVoBj5g2AdAqT0HKYCPNDo=&req_id=&query=&shop_region=ID&shop_id=7495839165477914693
keperluan mandi & perawatan tubuh,jokray90 _ Tokopedia & Shop Affiliate.pdf,jokray90,Gabriella🐝,7,ya,Belum ada rating,"Perawatan & Kec… , +2","7,8 rb",,Info promo haircare 🛒🛍️ | Admin sibuk😋🖐🏻🐝 | Curi video denda 1jt/video,"Rp1,3M","12,63 rb","Rp72,2rb","Rp111,5rb",,"99,95%","Perawatan & Ke… 90,96%; Perlengkapan R… 8,94%; Kartu produk 0,05%; Tekstil & Soft Fu… 0,07%; Lainnya 0,03%","92,59%",12%,207,18,"Rp72,2rb",256,"1,45 rb","0,29%",Rp0,0,0,0%,"28,06%","71,94%","14,80%","45,80%","23,00%","10,40%","6,00%",21 Agu 2026 - 20 Sep 2026,7494677768444021031,https://affiliate-id.tokopedia.com/affiliate/creator/detail?cid=7494677768444021031&pair_source=author_filter&enter_from=affiliate_find_creators&search_key=85G85A22RBfPEiuwYKunBZVoBj5g2AdAqT0HKYCPNDo=&req_id=&query=&shop_region=ID&shop_id=7495839165477914693
keperluan mandi & perawatan tubuh,kismissreisha _ Tokopedia & Shop Affiliate.pdf,kismissreisha,Reisha Novandita,7,ya,Belum ada rating,"Perawatan & Kec… , +2",1 jt,CUANITY AFFILIATE PA…,✨travel enthusiast | @Noera By Reisha | JOIN AFFILIATE NOERA👇🏻 | https://linktr.ee/noerabyr…,Rp1JT+,"6,68 rb","Rp1,7jt","Rp267,8rb-Rp357,1rb","97,86%","0,40%","Perawatan & Ke… 69,43%; Kesehatan 30,39%; Kartu produk 1,74%; Lainnya 0,10%; Pakaian & Dala… 0,08%",--,--,164,2,"Rp10,2rb",89,"3,57 rb","0,55%","Rp4,9jt",12,"83,36 rb","17,46%","45,76%","54,24%","27,10%","50,80%","17,30%","2,90%","1,90%",21 Agu 2026 - 20 Sep 2026,7494300786012555349,https://affiliate-id.tokopedia.com/affiliate/creator/detail?cid=7494300786012555349&pair_source=author_filter&enter_from=affiliate_find_creators&search_key=CNB3JVXRVdI6IdTh5ljuIbJbK2z2kPcRW6cyTCZMtks=&req_id=&query=&shop_region=ID&shop_id=7495839165477914693
keperluan mandi & perawatan tubuh,larissagrosir01 _ Tokopedia & Shop Affiliate.pdf,larissagrosir01,Larissagrosir1,7,ya,5.0,"Perawatan & Kec… , +2","730,4 rb",YUXI JAYATAMA,Surabaya | Yuk berteman di ig | Trina harmawan,Rp1JT+,"127,19 rb","Rp83,3rb","Rp0-Rp89,3rb","1,29%","98,68%","Perawatan & Ke… 90,18%; Pakaian Anak 3,53%; Ibu & Bayi 3,35%; Kartu produk 0,03%; Lainnya 2,94%","76,74%",--,985,170,"Rp82,4rb",369,"1,21 rb","0,54%","Rp528,3rb",39,"406,67 rb","0,25%","35,30%","64,70%","8,80%","36,10%","30,70%","17,00%","7,40%",21 Agu 2026 - 20 Sep 2026,7494685509502733119,https://affiliate-id.tokopedia.com/affiliate/creator/detail?cid=7494685509502733119&pair_source=author_filter&enter_from=affiliate_find_creators&search_key=CNB3JVXRVdI6IdTh5ljuIbJbK2z2kPcRW6cyTCZMtks=&req_id=&query=&shop_region=ID&shop_id=7495839165477914693
keperluan mandi & perawatan tubuh,lintangggdwn _ Tokopedia & Shop Affiliate.pdf,lintangggdwn,Lintangg🌷,7,ya,4.0,"Perawatan & Kec… , +2","26,3 rb",,beautycare | fashion | daily life🎀 | Review Bdycre Murah Tp Berkualitas | Endorsement Dm💌 | ig : lintangdwndaru,"Rp1,9M","46,7 rb","Rp67,2rb","Rp45,3rb",,"99,94%","Perawatan & Ke… 95,81%; Kesehatan 3,88%; Kartu produk 0,06%; Makanan & Min… 0,27%; Lainnya 0,04%","98,65%","7,5%",132,34,"Rp67,2rb",373,849,"1,17%",Rp0,0,0,0%,"59,27%","40,73%","28,80%","51,10%","13,80%","3,40%","2,90%",21 Agu 2026 - 20 Sep 2026,7495210605816023485,https://affiliate-id.tokopedia.com/affiliate/creator/detail?cid=7495210605816023485&pair_source=author_filter&enter_from=affiliate_find_creators&search_key=85G85A22RBfPEiuwYKunBZVoBj5g2AdAqT0HKYCPNDo=&req_id=&query=&shop_region=ID&shop_id=7495839165477914693
keperluan mandi & perawatan tubuh,liyaarasyaaa _ Tokopedia & Shop Affiliate.pdf,liyaarasyaaa,liyaarasyaaa,7,ya,Belum ada rating,"Perawatan & Kec… , +2","3,7 jt",Feat Agency,follow ig : liyaarasyaa | Endorsement: dm ig,"Rp1,6M","15,55 rb","Rp284,8rb","Rp125,5rb","91,21%","7,45%","Perawatan & Ke… 99,07%; Makanan & Min… 0,69%; Kesehatan 0,20%; Kartu produk 1,34%; Lainnya 0,04%","91,3%","7,5%",118,80,"Rp47,1rb",98,"33,46 rb","2,19%","Rp484,2rb",35,"387,85 rb","99,02%","39,15%","60,85%","35,00%","44,80%","13,90%","3,90%","2,40%",21 Agu 2026 - 20 Sep 2026,7494028351384225432,https://affiliate-id.tokopedia.com/affiliate/creator/detail?cid=7494028351384225432&pair_source=author_filter&enter_from=affiliate_find_creators&search_key=CNB3JVXRVdI6IdTh5ljuIbJbK2z2kPcRW6cyTCZMtks=&req_id=&query=&shop_region=ID&shop_id=7495839165477914693
keperluan mandi & perawatan tubuh,lovelyikrmh _ Tokopedia & Shop Affiliate.pdf,lovelyikrmh,ikrmhhrmdhnn,7,ya,Belum ada rating,"Perawatan & Kec… , +2","39,3 rb",,dilarang curi video ‼️ | ENDORSE DM | (bnyk promo di sini) | Creator Affiliate,Rp1JT+,"44,26 rb","Rp78,7rb","Rp0-Rp89,4rb",,"100,00%","Perawatan & Ke… 99,71%; Koper & Tas 0,16%; Aksesori Pakaian 0,11%; Lainnya 0,02%","81,33%",--,421,65,"Rp78,7rb",364,"1,28 rb","0,34%",Rp0,0,0,0%,"21,94%","78,06%","24,00%","44,70%","19,80%","7,80%","3,70%",21 Agu 2026 - 20 Sep 2026,7495541654218705336,https://affiliate-id.tokopedia.com/affiliate/creator/detail?cid=7495541654218705336&pair_source=author_filter&enter_from=affiliate_find_creators&search_key=85G85A22RBfPEiuwYKunBZVoBj5g2AdAqT0HKYCPNDo=&req_id=&query=&shop_region=ID&shop_id=7495839165477914693
keperluan mandi & perawatan tubuh,maharanikemala _ Tokopedia & Shop Affiliate.pdf,maharanikemala,maharani kemala,7,ya,Belum ada rating,"Perawatan & Kec… , +2","4,1 jt",Nobi Project,MK SKIN @MK SKIN OFFICIAL | https://linktr.ee/mkskinof…,Rp1JT+,"110,82 rb","Rp71,1rb","Rp0-Rp89,3rb","29,75%","64,10%","Perawatan & Ke… 100,00%; Kartu produk 6,15%",50%,--,296,5,"Rp49,9rb",120,"252,43 rb","4,05%","Rp856,3rb",17,"766,65 rb","175,74%","29,65%","70,35%","21,70%","51,40%","19,60%","5,00%","2,30%",21 Agu 2026 - 20 Sep 2026,7493993524473267306,https://affiliate-id.tokopedia.com/affiliate/creator/detail?cid=7493993524473267306&pair_source=author_filter&enter_from=affiliate_find_creators&search_key=CNB3JVXRVdI6IdTh5ljuIbJbK2z2kPcRW6cyTCZMtks=&req_id=&query=&shop_region=ID&shop_id=7495839165477914693
keperluan mandi & perawatan tubuh,melvinahusyanti96 _ Tokopedia & Shop Affiliate.pdf,melvinahusyanti96,OWNER DAVIENA SKINCARE,8,ya,Belum ada rating,"Perawatan & Kec… , +2","10,4 jt",,Powered by 𝐏𝐮𝐫𝐚𝐠𝐞𝐧 𝐇𝐲𝐛𝐫𝐢𝐝-𝐗𝐓™️ | ᴺᴱᵂ ᴾᴬᵀᴱᴺᵀ ᴾᴼᵀᴱᴺᵀ | @Daviena Skincare Official @davienaclinic | @Murah Nian Store | Global Media Agency | https://forms.gle/RCCmo…,Rp1JT+,"152,49 rb","Rp1,1jt","Rp89,4rb-Rp178,8rb","82,46%","3,78%","Perawatan & Ke… 99,99%; Kartu produk 13,76%; Lainnya 0,01%",--,--,43,2,"Rp101,9rb",87,"97,42 rb","5,76%",Rp2jt,8,"5,01 jt","69,25%","25,42%","74,58%","27,20%","49,30%","16,30%","4,20%","3,00%",21 Agu 2026 - 20 Sep 2026,7494668825275828643,https://affiliate-id.tokopedia.com/affiliate/creator/detail?cid=7494668825275828643&pair_source=author_filter&enter_from=affiliate_find_creators&search_key=85G85A22RBfPEiuwYKunBZVoBj5g2AdAqT0HKYCPNDo=&req_id=&query=&shop_region=ID&shop_id=7495839165477914693
keperluan mandi & perawatan tubuh,miikaylahafizah _ Tokopedia & Shop Affiliate.pdf,miikaylahafizah,key🌻,7,ya,Belum ada rating,"Perawatan & Kec… , +2","85,1 rb",YUXI JAYATAMA,CREATOR BEAUTY 🧖🏼‍♀️ | DILARANG CURI VIDIO ⚠️‼️,Rp1JT+,"49,02 rb","Rp48,3rb","Rp0-Rp89,3rb",,"99,99%","Perawatan & Ke… 99,99%; Kartu produk 0,01%; Lainnya 0,01%","55,26%",--,179,31,"Rp48,3rb",62,"1,73 rb","0,35%",Rp0,0,1,0%,"31,39%","68,61%","22,50%","51,20%","18,80%","5,10%","2,40%",21 Agu 2026 - 20 Sep 2026,7494039024128853376,https://affiliate-id.tokopedia.com/affiliate/creator/detail?cid=7494039024128853376&pair_source=author_filter&enter_from=affiliate_find_creators&search_key=CNB3JVXRVdI6IdTh5ljuIbJbK2z2kPcRW6cyTCZMtks=&req_id=&query=&shop_region=ID&shop_id=7495839165477914693
keperluan mandi & perawatan tubuh,mosseru.indo _ Tokopedia & Shop Affiliate.pdf,mosseru.indo,Mosseru Bodywash,6,ya,Belum ada rating,"Perawatan & Kec… , +2","63,6 rb",,Mosseru Acne Showergel 🧼 | Samarin jerawat aktif di badan! | Salicylic Acid • Zinc PCA • Sulfur,Rp1JT+,"11,42 rb","Rp130,7rb","Rp89,3rb-Rp178,6rb","1,14%","95,57%","Perawatan & Ke… 99,97%; Kartu produk 3,29%; Lainnya 0,03%",--,--,39,3,"Rp129,2rb",17,"12,13 rb","0,63%","Rp3,2jt",7,"33,83 rb","0,73%","22,11%","77,89%","28,40%","44,80%","18,10%","5,70%","3,00%",21 Agu 2026 - 20 Sep 2026,7496099112546503295,https://affiliate-id.tokopedia.com/affiliate/creator/detail?cid=7496099112546503295&pair_source=author_filter&enter_from=affiliate_find_creators&search_key=CNB3JVXRVdI6IdTh5ljuIbJbK2z2kPcRW6cyTCZMtks=&req_id=&query=&shop_region=ID&shop_id=7495839165477914693
keperluan mandi & perawatan tubuh,nabellaolivia _ Tokopedia & Shop Affiliate.pdf,nabellaolivia,࣪Nabellaolivia,7,ya,1.0,"Perawatan & Kec… , +2","128,9 rb",CUANITY AFFILIATE PA…,Glowup with @Noera By Reisha | Skincare @Adleeva | Bantu follow @IniiNabella | Igoy : Nabellaoliviaaa,Rp1JT+,"12,23 rb","Rp1,9jt","Rp178,8rb-Rp268,1rb","95,41%","4,52%","Perawatan & Ke… 80,30%; Kesehatan 19,01%; Lainnya 0,46%; Kartu produk 0,07%; Ponsel & Elektro… 0,23%","91,77%",--,234,30,"Rp194,8rb",167,"3,25 rb","1,06%","Rp3,2jt",88,"10,23 rb","22,64%","17,06%","82,94%","18,70%","55,30%","19,60%","4,40%","2,00%",21 Agu 2026 - 20 Sep 2026,7494000301158925559,https://affiliate-id.tokopedia.com/affiliate/creator/detail?cid=7494000301158925559&pair_source=author_filter&enter_from=affiliate_find_creators&search_key=85G85A22RBfPEiuwYKunBZVoBj5g2AdAqT0HKYCPNDo=&req_id=&query=&shop_region=ID&shop_id=7495839165477914693
keperluan mandi & perawatan tubuh,nnadhiifa _ Tokopedia & Shop Affiliate.pdf,nnadhiifa,nad⋆୨୧˚,7,ya,Belum ada rating,"Perawatan & Kec… , +2","152,8 rb",,business inq DM 💌 | bodycare | skincare | makeup | @Adleeva⋆.,"Rp1,7M","23,25 rb","Rp535,8rb","Rp86,9rb","90,92%","8,96%","Perawatan & Ke… 99,96%; Lainnya 0,02%; Renovasi Rumah 0,01%; Kartu produk 0,12%; Olahraga & Out… 0,01%","73,75%",10%,66,19,"Rp74,2rb",29,"7,18 rb","1,22%","Rp1,4jt",23,"185,74 rb","13,95%","16,78%","83,22%","28,50%","52,20%","13,30%","3,40%","2,60%",20 Agu 2026 - 19 Sep 2026,7495983697848338539,https://affiliate-id.tokopedia.com/affiliate/creator/detail?cid=7495983697848338539&pair_source=author_filter&enter_from=affiliate_find_creators&search_key=85G85A22RBfPEiuwYKunBZVoBj5g2AdAqT0HKYCPNDo=&req_id=&query=&shop_region=ID&shop_id=7495839165477914693
keperluan mandi & perawatan tubuh,ochiehilman _ Tokopedia & Shop Affiliate.pdf,ochiehilman,Ochie Hilman,7,tidak,Belum ada rating,"Perawatan & Kec… , +2","356,7 rb",,OWNER:@Glykis Official @MATPECI Super Store | BA@GLOWVEIL & MRF | PARFUME@hi.prima@WIMAYAMASLUXURY.ID | @glowbe.beauty@Osyin glow Kerjasama Dm❤️,"Rp1,3M","26,81 rb","Rp125,2rb","Rp57,3rb",,,,"41,43%","5,5%",99,23,"Rp27,5rb",56,"345,45 rb","3,14%","Rp263,6rb",54,"311,3 rb","4,71%",,,,,,,,21 Agu 2026 - 20 Sep 2026,7493997465265079551,https://affiliate-id.tokopedia.com/affiliate/creator/detail?cid=7493997465265079551&pair_source=author_filter&enter_from=affiliate_find_creators&search_key=85G85A22RBfPEiuwYKunBZVoBj5g2AdAqT0HKYCPNDo=&req_id=&query=&shop_region=ID&shop_id=7495839165477914693
keperluan mandi & perawatan tubuh,padalaris18 _ Tokopedia & Shop Affiliate.pdf,padalaris18,Padalaris,7,ya,Belum ada rating,"Perawatan & Kec… , +2","14,8 rb",TODASUN,•PUSAT HERBAL BAHAN ALAMI🍀 | •GARANSI ORIGINAL 💯 | •PENGIRIMAN CEPAT🚚 | •GRATIS KONSULTASI 📞 | •KLIK👇🏻 SHOWCASE UNTUK PEMBELIAN,"Rp1,5M","36,82 rb","Rp63,6rb","Rp44,8rb",,"99,97%","Perawatan & Ke… 93,22%; Kesehatan 4,68%; Kartu produk 0,03%; Makanan & Min… 2,06%; Lainnya 0,04%","97,61%",10%,175,36,"Rp63,6rb",373,700,"0,61%",Rp0,0,0,0%,"48,16%","51,84%","8,90%","28,00%","27,80%","23,40%","11,90%",21 Agu 2026 - 20 Sep 2026,7494203696341943787,https://affiliate-id.tokopedia.com/affiliate/creator/detail?cid=7494203696341943787&pair_source=author_filter&enter_from=affiliate_find_creators&search_key=85G85A22RBfPEiuwYKunBZVoBj5g2AdAqT0HKYCPNDo=&req_id=&query=&shop_region=ID&shop_id=7495839165477914693
keperluan mandi & perawatan tubuh,payy______sya _ Tokopedia & Shop Affiliate.pdf,payy______sya,salmiaw🧖🏻‍♀️,7,ya,Belum ada rating,"Perawatan & Kec… , +2","318,8 rb",Agensi Anak Bangsa,KAK SPILL BODYCARE?🧖🏻‍♀️ | BA @glowsichaofficial | CURI VT DENDA 100jt | https://aboutme.style/pay…,Rp1JT+,"107,17 rb","Rp64,6rb","Rp0-Rp89,3rb","0,01%","99,64%","Perawatan & Ke… 98,86%; Kesehatan 0,52%; Kartu produk 0,35%; Lainnya 0,47%; Aksesori Pakaian 0,15%","68,65%",--,343,84,"Rp64,6rb",143,"7,84 rb","1,38%",--,0,1,0%,"61,06%","38,94%","35,50%","48,40%","10,80%","3,00%","2,30%",21 Agu 2026 - 20 Sep 2026,7493993684735919108,https://affiliate-id.tokopedia.com/affiliate/creator/detail?cid=7493993684735919108&pair_source=author_filter&enter_from=affiliate_find_creators&search_key=CNB3JVXRVdI6IdTh5ljuIbJbK2z2kPcRW6cyTCZMtks=&req_id=&query=&shop_region=ID&shop_id=7495839165477914693
keperluan mandi & perawatan tubuh,pretty.withcaa _ Tokopedia & Shop Affiliate.pdf,pretty.withcaa,pretty.withcaa,7,ya,Belum ada rating,"Perawatan & Kec… , +2","214,6 rb",YUXI JAYATAMA,‼️ LIVE SETIAP HARI ‼️ | Skincare & Beauty | Cek Showcase,"Rp1,4M","13,06 rb","Rp608,7rb","Rp125,2rb","84,17%","15,79%","Perawatan & Ke… 99,57%; Ibu & Bayi 0,42%; Kartu produk 0,04%; Lainnya 0,01%","94,23%","8,5%",324,20,"Rp136,7rb",619,459,"5,74%","Rp1,7jt",37,"110,16 rb","1,09%","21,74%","78,26%","17,50%","54,10%","22,00%","4,30%","2,10%",21 Agu 2026 - 20 Sep 2026,7493990926438270871,https://affiliate-id.tokopedia.com/affiliate/creator/detail?cid=7493990926438270871&pair_source=author_filter&enter_from=affiliate_find_creators&search_key=CNB3JVXRVdI6IdTh5ljuIbJbK2z2kPcRW6cyTCZMtks=&req_id=&query=&shop_region=ID&shop_id=7495839165477914693
keperluan mandi & perawatan tubuh,priskilakaylaa _ Tokopedia & Shop Affiliate.pdf,priskilakaylaa,priskaylaa˚ ˙⋆,7,ya,Belum ada rating,"Perawatan & Kec… , +2","10,7 rb",CUANITY AFFILIATE PA…,bodycare | skincare | makeup 💖 | bussiness Inq = DM💬,Rp1JT+,"78,64 rb","Rp50,1rb","Rp0-Rp89,4rb",,"99,98%","Perawatan & Ke… 99,91%; Kesehatan 0,07%; Kartu produk 0,02%; Lainnya 0,02%","79,53%",--,105,47,"Rp50,1rb",392,"4,9 rb","0,84%",Rp0,0,0,0%,"24,01%","75,99%","33,60%","48,20%","12,10%","3,00%","3,10%",21 Agu 2026 - 20 Sep 2026,7493998043365148003,https://affiliate-id.tokopedia.com/affiliate/creator/detail?cid=7493998043365148003&pair_source=author_filter&enter_from=affiliate_find_creators&search_key=85G85A22RBfPEiuwYKunBZVoBj5g2AdAqT0HKYCPNDo=&req_id=&query=&shop_region=ID&shop_id=7495839165477914693
keperluan mandi & perawatan tubuh,pukisscomel _ Tokopedia & Shop Affiliate.pdf,pukisscomel,Pukisscomel,7,ya,Belum ada rating,"Perawatan & Kec… , +2","52,2 rb",,Babu @Mengilang | ⬇️⬇️TOKREN⬇️⬇️ | https://s.shopee.co.id/7K…,"Rp2,4M","7,78 rb","Rp4,4jt","Rp843,7rb","99,89%","0,10%","Perawatan & Ke… 100,00%; Kartu produk 0,01%",--,5%,75,28,"Rp10,7rb",28,"3,38 rb","0,82%","Rp7,6jt",180,"4,63 rb","3,95%","75,28%","24,72%","29,80%","47,20%","13,90%","4,60%","4,50%",21 Agu 2026 - 20 Sep 2026,7494073637776360468,https://affiliate-id.tokopedia.com/affiliate/creator/detail?cid=7494073637776360468&pair_source=author_filter&enter_from=affiliate_find_creators&search_key=CNB3JVXRVdI6IdTh5ljuIbJbK2z2kPcRW6cyTCZMtks=&req_id=&query=&shop_region=ID&shop_id=7495839165477914693
keperluan mandi & perawatan tubuh,racunhana _ Tokopedia & Shop Affiliate.pdf,racunhana,Hanaaow,7,ya,Belum ada rating,"Perawatan & Kec… , +2","49,8 rb",AFTER Affiliate Partner,Live tiap hari‼️ | BA @Aftermyskin | Endors/businnes dm💌 | TIDAK ADA AKUN LAIN!!,"Rp1,8M","17,11 rb","Rp2,1jt","Rp116,5rb","99,66%","0,28%","Perawatan & Ke… 99,94%; Pakaian & Dala… 0,03%; Kesehatan 0,02%; Kartu produk 0,06%; Lainnya 0,01%",100%,10%,67,12,"Rp57,2rb",109,484,"5,85%","Rp2,3jt",301,"33,78 rb","1,87%","17,66%","82,34%","29,60%","50,80%","13,10%","3,40%","3,10%",21 Agu 2026 - 20 Sep 2026,7496156545649314800,https://affiliate-id.tokopedia.com/affiliate/creator/detail?cid=7496156545649314800&pair_source=author_filter&enter_from=affiliate_find_creators&search_key=85G85A22RBfPEiuwYKunBZVoBj5g2AdAqT0HKYCPNDo=&req_id=&query=&shop_region=ID&shop_id=7495839165477914693
keperluan mandi & perawatan tubuh,rival_amir03 _ Tokopedia & Shop Affiliate.pdf,rival_amir03,IVAL🐈,7,ya,Belum ada rating,"Perawatan & Kec… , +2","10,2 jt",,Traveling & Adventure🌊🍃 | IG: @rival_amir01 | Jangan lupa bersyukur | Part of FYC | FYC,Rp1JT+,"32,62 rb","Rp35,9rb","Rp0-Rp89,3rb","0,72%","97,04%","Perawatan & Ke… 99,95%; Kartu produk 2,24%; Kesehatan 0,03%; Lainnya 0,02%",25%,--,79,8,"Rp35,7rb",434,"9,44 rb","0,73%",Rp294rb,2,"571,36 rb","2,65%","56,60%","43,40%","39,40%","41,10%","11,90%","3,60%","4,00%",21 Agu 2026 - 20 Sep 2026,7494046081893762587,https://affiliate-id.tokopedia.com/affiliate/creator/detail?cid=7494046081893762587&pair_source=author_filter&enter_from=affiliate_find_creators&search_key=CNB3JVXRVdI6IdTh5ljuIbJbK2z2kPcRW6cyTCZMtks=&req_id=&query=&shop_region=ID&shop_id=7495839165477914693
keperluan mandi & perawatan tubuh,sahrilputraambiva _ Tokopedia & Shop Affiliate.pdf,sahrilputraambiva,Anakrantau,7,ya,Belum ada rating,"Perawatan & Kec… , +2","35,7 rb",AVW Agency,📍 : Yogyakarta,Rp1JT+,"19,3 rb","Rp626,6rb","Rp0-Rp89,4rb","95,45%","4,33%","Perawatan & Ke… 99,99%; Lainnya 0,01%; Kartu produk 0,22%",100%,--,52,3,"Rp39,7rb",33,"16,51 rb","1,68%","Rp1,9jt",40,"116,62 rb",30%,"26,54%","73,46%","12,50%","51,20%","26,40%","7,30%","2,60%",21 Agu 2026 - 20 Sep 2026,7494002959945467742,https://affiliate-id.tokopedia.com/affiliate/creator/detail?cid=7494002959945467742&pair_source=author_filter&enter_from=affiliate_find_creators&search_key=85G85A22RBfPEiuwYKunBZVoBj5g2AdAqT0HKYCPNDo=&req_id=&query=&shop_region=ID&shop_id=7495839165477914693
keperluan mandi & perawatan tubuh,sharonatashaa _ Tokopedia & Shop Affiliate.pdf,sharonatashaa,Sharon Nat,7,ya,Belum ada rating,"Perawatan & Kec… , +2","297,3 rb",,Belum ada bio | https://www.instagram.c…,Rp1JT+,"33,93 rb","Rp52,7rb","Rp0-Rp89,4rb","1,35%","98,51%","Perawatan & Ke… 95,66%; Kesehatan 2,81%; Pakaian & Dala… 1,32%; Kartu produk 0,14%; Lainnya 0,21%",80%,--,399,90,Rp52rb,119,"15,39 rb","1,03%","Rp5,9jt",1,"251,3 rb","1,19%","43,11%","56,89%","18,00%","52,60%","21,60%","6,00%","1,80%",21 Agu 2026 - 20 Sep 2026,7494003257118393376,https://affiliate-id.tokopedia.com/affiliate/creator/detail?cid=7494003257118393376&pair_source=author_filter&enter_from=affiliate_find_creators&search_key=85G85A22RBfPEiuwYKunBZVoBj5g2AdAqT0HKYCPNDo=&req_id=&query=&shop_region=ID&shop_id=7495839165477914693
keperluan mandi & perawatan tubuh,sheillyakho _ Tokopedia & Shop Affiliate.pdf,sheillyakho,shei ⋅˚₊‧ ୨୧ ‧₊˚ ⋅,7,ya,Belum ada rating,"Perawatan & Kec… , +2","100,2 rb",,beauty reviews from the heart ₊˚⊹ | inq: 0878-8792-6020 (shei),Rp2M,"24,17 rb","Rp76,1rb","Rp89,5rb",,"99,94%","Perawatan & Ke… 99,61%; Kesehatan 0,36%; Kartu produk 0,06%; Lainnya 0,02%; Perlengkapan R… 0,01%",50%,5%,360,91,"Rp76,1rb",33,"23,85 rb","2,61%",Rp0,0,0,0%,"27,56%","72,44%","21,20%","45,90%","20,10%","8,40%","4,40%",21 Agu 2026 - 20 Sep 2026,7493993120214975600,https://affiliate-id.tokopedia.com/affiliate/creator/detail?cid=7493993120214975600&pair_source=author_filter&enter_from=affiliate_find_creators&search_key=1BwYkpl1dVFQ9Ws6OX3EJDpyz8TxrufeH/fl+MxKQi8=&req_id=&query=&shop_region=ID&shop_id=7495839165477914693
keperluan mandi & perawatan tubuh,si.tiiiii _ Tokopedia & Shop Affiliate.pdf,si.tiiiii,mifta,7,ya,Belum ada rating,"Perawatan & Kec… , +2","31,2 rb",YUXI JAYATAMA,Rekomendasi skincare disc up to 50% | CURI VIDIO DENDA 10jt,Rp1JT+,"29,99 rb","Rp67,2rb","Rp0-Rp89,4rb",,"99,98%","Perawatan & Ke… 99,87%; Pakaian Anak 0,07%; Kartu produk 0,02%; Otomotif & Motor 0,03%; Lainnya 0,03%","96,84%",--,517,73,"Rp67,2rb",277,"1,49 rb","0,56%",Rp0,0,1,0%,"20,45%","79,55%","19,80%","51,10%","19,80%","6,30%","3,00%",21 Agu 2026 - 20 Sep 2026,7494004021285717059,https://affiliate-id.tokopedia.com/affiliate/creator/detail?cid=7494004021285717059&pair_source=author_filter&enter_from=affiliate_find_creators&search_key=85G85A22RBfPEiuwYKunBZVoBj5g2AdAqT0HKYCPNDo=&req_id=&query=&shop_region=ID&shop_id=7495839165477914693
keperluan mandi & perawatan tubuh,thisisalulaa _ Tokopedia & Shop Affiliate.pdf,thisisalulaa,Lula 🌸,7,ya,Belum ada rating,"Perawatan & Kec… , +2","234,8 rb",,"Sharing my favorites as a specialist | bodycare holic! | Beauty, travel, food ⸜(｡˃ ᵕ ˂ )⸝♡ | behind @Lumos’a | Business inquiry pls dm @itsghallz on ig | https://mycollection.shop…",Rp1JT+,"46,47 rb","Rp71,6rb","Rp0-Rp89,3rb","0,01%","99,79%","Perawatan & Ke… 98,82%; Kesehatan 1,09%; Kartu produk 0,20%; Ibu & Bayi 0,06%; Lainnya 0,03%",50%,--,228,75,"Rp71,6rb",177,"2,79 rb","1,12%","Rp231,5rb",1,"44,46 rb","1,15%","24,21%","75,79%","36,50%","46,70%","10,80%","3,10%","2,90%",21 Agu 2026 - 20 Sep 2026,7494001508176725311,https://affiliate-id.tokopedia.com/affiliate/creator/detail?cid=7494001508176725311&pair_source=author_filter&enter_from=affiliate_find_creators&search_key=CNB3JVXRVdI6IdTh5ljuIbJbK2z2kPcRW6cyTCZMtks=&req_id=&query=&shop_region=ID&shop_id=7495839165477914693
keperluan mandi & perawatan tubuh,waldyaurora96 _ Tokopedia & Shop Affiliate.pdf,waldyaurora96,Waldy Aurora96✨,7,ya,4.0,"Perawatan & Kec… , +2","108,5 rb",,"Hairstyls,beauty and Daily😎👑 | Bisnis : 082252801460 | bantu follow Ig : ary_waldy96 | Curi video denda 100Jt👊",Rp1JT+,"40,58 rb","Rp39,6rb","Rp0-Rp89,3rb","0,02%","99,98%","Perawatan & Ke… 99,85%; Lainnya 0,09%; Perlengkapan R… 0,04%; Pakaian & Dala… 0,02%","94,55%",--,99,56,"Rp39,6rb",261,"1,4 rb","0,5%",Rp383jt,0,1,0%,"31,76%","68,24%","31,90%","35,10%","18,60%","7,50%","6,90%",21 Agu 2026 - 20 Sep 2026,7494000143401387023,https://affiliate-id.tokopedia.com/affiliate/creator/detail?cid=7494000143401387023&pair_source=author_filter&enter_from=affiliate_find_creators&search_key=CNB3JVXRVdI6IdTh5ljuIbJbK2z2kPcRW6cyTCZMtks=&req_id=&query=&shop_region=ID&shop_id=7495839165477914693
keperluan mandi & perawatan tubuh,wdh__ _ Tokopedia & Shop Affiliate.pdf,wdh__,WDH,7,ya,Belum ada rating,"Perawatan & Kec… , +2","2,1 jt",CUANITY AFFILIATE PA…,𝒊𝒈 : 𝒘𝒊𝒅𝒚𝒂𝒅𝒘𝒊𝒉𝒂𝒓𝒅𝒊𝒂𝒏 | 𝒃𝒖𝒔𝒊𝒏𝒆𝒔𝒔 𝒊𝒏𝒒𝒖𝒊𝒓𝒊𝒆𝒔 𝑫𝑴,Rp1JT+,"16,5 rb","Rp139,2rb","Rp178,8rb-Rp268,2rb","77,36%","22,34%","Perawatan & Ke… 92,24%; Kesehatan 7,67%; Makanan & Min… 0,07%; Kartu produk 0,30%; Lainnya 0,02%","94,44%",--,178,15,"Rp36,7rb",339,"14,98 rb","0,85%","Rp722,8rb",135,"34,15 rb","4,02%","50,83%","49,17%","28,00%","48,10%","17,40%","4,60%","1,90%",21 Agu 2026 - 20 Sep 2026,7493991129672615302,https://affiliate-id.tokopedia.com/affiliate/creator/detail?cid=7493991129672615302&pair_source=author_filter&enter_from=affiliate_find_creators&search_key=85G85A22RBfPEiuwYKunBZVoBj5g2AdAqT0HKYCPNDo=&req_id=&query=&shop_region=ID&shop_id=7495839165477914693
keperluan mandi & perawatan tubuh,windychayra79 _ Tokopedia & Shop Affiliate.pdf,windychayra79,Windychayra79,7,ya,1.4,"Perawatan & Kec… , +2","21,7 rb",,"hi 👋 | Beauty, bulumata, lem eyelash | *Curi video dan suara denda‼️ | *Business dm💌","Rp2,6M","130,48 rb","Rp40,7rb",Rp24rb,"0,02%","99,95%","Perawatan & Ke… 99,98%; Kartu produk 0,03%; Peralatan Ruma… 0,01%; Lainnya 0,01%","99,19%","7,5%",226,57,"Rp40,7rb",415,"4,14 rb","0,58%","Rp315,4rb",3,"67,06 rb","1,32%","27,96%","72,04%","20,70%","48,20%","21,30%","6,50%","3,30%",21 Agu 2026 - 20 Sep 2026,7493997783954917108,https://affiliate-id.tokopedia.com/affiliate/creator/detail?cid=7493997783954917108&pair_source=author_filter&enter_from=affiliate_find_creators&search_key=CNB3JVXRVdI6IdTh5ljuIbJbK2z2kPcRW6cyTCZMtks=&req_id=&query=&shop_region=ID&shop_id=7495839165477914693
kesehatan,Tokopedia & Shop Affiliate.pdf,alindawellness,Alinda Wellness,6,ya,Belum ada rating,"Perawatan & Kec… , +2","10,5 rb",SUPER NOVA DIGITAL,"Rekomendasi herbal, vitamin, dan healthy food | untuk hidup lebih sehat 🌱. Cek keranjang sekarang","Rp582,3jt","13,76 rb","Rp34,5rb",Rp46rb,,"99,95%","Perawatan & Ke… 90,57%; Ponsel & Elektro… 6,54%; Kartu produk 0,05%; Kesehatan 2,49%; Lainnya 0,40%",100%,"9,5%",34,8,"Rp33,6rb",55,"8,14 rb","1,07%",Rp0,0,0,0%,"46,87%","53,13%","24,10%","43,00%","21,60%","7,00%","4,30%",16 Agu 2026 - 15 Sep 2026,7494539484324594921,https://affiliate-id.tokopedia.com/affiliate/creator/detail?cid=7494539484324594921&pair_source=author_filter&enter_from=affiliate_find_creators&search_key=QNAg0kotfLYCmI6/FTDGA18xcYJgSHhsNkFVmDQg87k=&req_id=&query=&shop_region=ID&shop_id=7495839165477914693
kesehatan,_anggiyuliani _ Tokopedia & Shop Affiliate.pdf,_anggiyuliani,,,ya,,,"113,4 rb",Seahub Media Indone…,_anggiyuliani | Tokopedia & Shop Affiliate | Semua ada di keranjang kuning yaa 🛒 | Affiliate Center | 📍Cirebon | Pesan kreator | Bantuan | Beranda,Rp1JT+,"5,05 rb","Rp638,2rb","Rp177,5rb-Rp266,2rb","90,33%","9,63%","Perawatan & Ke… 99,67%; Lainnya 0,20%; Seller Center                                                                                                                                                                                                                                                        ",75%,--,281,67,"Rp90,8rb",122,566,"0,78%","Rp1,7jt",88,"12,87 rb","11,96%","18,85%","81,15%","14,30%","46,20%","25,80%","10,20%","3,50%",16 Agu 2026 - 15 Sep 2026,7494005276095579508,https://affiliate-id.tokopedia.com/affiliate/creator/detail?cid=7494005276095579508&pair_source=author_filter&enter_from=affiliate_find_creators&search_key=AvFrZiHRGNiUlFebZlhV2Y8DdxxdqihIyyX8dUrPkWA=&req_id=&query=&shop_region=ID&shop_id=7495839165477914693
kesehatan,_ikhfinamlyy _ Tokopedia & Shop Affiliate.pdf,_ikhfinamlyy,_ikhfinaMlyy,7,ya,Belum ada rating,"Perawatan & Kec… , +2","180,5 rb",AFTER Affiliate Partner,Hi brand! Let’s collaborate ✨Endorsement | | Business inq +62 857-2362-8414 | ⚠️ CO tanpa konfirmasi saya = BUKAN SAYA! | Waspada penipuan 🙏,"Rp3,7M","48,88 rb","Rp488,5rb",Rp86rb,"91,86%","8,03%","Perawatan & Ke… 99,92%; Perlengkapan R… 0,06%; Kartu produk 0,11%; Lainnya 0,02%","58,62%",10%,66,17,"Rp57,4rb",142,"3,78 rb","1,21%","Rp1,4jt",145,"53,38 rb","8,5%","17,33%","82,67%","26,70%","53,90%","13,90%","3,20%","2,30%",16 Agu 2026 - 15 Sep 2026,7494647706050594975,https://affiliate-id.tokopedia.com/affiliate/creator/detail?cid=7494647706050594975&pair_source=author_filter&enter_from=affiliate_find_creators&search_key=QNAg0kotfLYCmI6/FTDGA18xcYJgSHhsNkFVmDQg87k=&req_id=&query=&shop_region=ID&shop_id=7495839165477914693
kesehatan,agga_mhmd _ Tokopedia & Shop Affiliate.pdf,agga_mhmd,Dedekmetill,7,ya,Belum ada rating,"Perawatan & Kec… , +2","52,2 rb",CUANITY AFFILIATE PA…,Endorse dm!!,"Rp831,7jt","6,66 rb","Rp972,3rb","Rp163,8rb","96,78%","3,22%","Perawatan & Ke… 91,23%; Kesehatan 8,72%; Perlengkapan D… 0,03%; Lainnya 0,02%","47,02%","3,5%",125,46,"Rp50,2rb",244,658,"2,05%","Rp2,5jt",44,"67,86 rb","2,9%","19,33%","80,67%","25,60%","52,00%","15,50%","3,80%","3,10%",16 Agu 2026 - 15 Sep 2026,7495311363167587201,https://affiliate-id.tokopedia.com/affiliate/creator/detail?cid=7495311363167587201&pair_source=author_filter&enter_from=affiliate_find_creators&search_key=QNAg0kotfLYCmI6/FTDGA18xcYJgSHhsNkFVmDQg87k=&req_id=&query=&shop_region=ID&shop_id=7495839165477914693
kesehatan,alexaa.zhr _ Tokopedia & Shop Affiliate.pdf,alexaa.zhr,,,ya,1.0,"Perawatan & Kec… , +2","47,2 rb",,Bussines/endorse(DM)📩 | Beranda | Kolaborasi | Jelajahi kreator,"Rp665,4jt","17,37 rb","Rp55,3rb","Rp41,5rb",,"99,92%","Perawatan & Ke… 99,69%; Olahraga & Out… 0,20%; Kartu produk 0,08%; Kesehatan 0,07%; Lainnya 0,04%","94,52%","8,37%",68,43,Rp54rb,122,"1,75 rb","1,88%",Rp0,0,0,0%,"30,54%","69,46%","34,00%","41,40%","14,60%","5,20%","4,80%",16 Agu 2026 - 15 Sep 2026,7494002336221594932,https://affiliate-id.tokopedia.com/affiliate/creator/detail?cid=7494002336221594932&pair_source=author_filter&enter_from=affiliate_find_creators&search_key=qL8IEsej+ZuFOV7Onuk9MJ16FDc7Iu3LPdOszFgerAE=&req_id=&query=&shop_region=ID&shop_id=7495839165477914693
kesehatan,anakkeduaa20 _ Tokopedia & Shop Affiliate.pdf,anakkeduaa20,,,ya,,,,,anakkeduaa20 | Tokopedia & Shop Affiliate | https://msha.ke/saskiadwi | Affiliate Center | Pesan kreator | Bantuan | Beranda,Rp1JT+,"6,58 rb","Rp262,6rb","Rp177,6rb-Rp266,3rb","67,38%","30,23%","Beauty & Perso… 96,34%; Pembayaran                                                                                                                                                                                                                                                                          ","85,71%",--,115,30,"Rp94,6rb",76,"35,04 rb","5,59%","Rp1,7jt",86,"91,16 rb","8,98%",,,,,"8,00%","2,20%","3,30%",16 Agu 2026 - 15 Sep 2026,7493992532312097981,https://affiliate-id.tokopedia.com/affiliate/creator/detail?cid=7493992532312097981&pair_source=author_filter&enter_from=affiliate_find_creators&search_key=AvFrZiHRGNiUlFebZlhV2Y8DdxxdqihIyyX8dUrPkWA=&req_id=&query=&shop_region=ID&shop_id=7495839165477914693
kesehatan,anik.wiri _ Tokopedia & Shop Affiliate.pdf,anik.wiri,,,ya,Belum ada rating,"Perawatan & Kec… , +2","6,1 rb",,Beranda | Support gais masih berkembang | Kolaborasi | Seahub Media Indone… | Jelajahi kreator,"Rp545,8jt","7,83 rb","Rp34,6rb",Rp73rb,,"99,98%","Perawatan & Ke… 100,00%; Kartu produk 0,02%",70%,"8,49%",223,33,"Rp34,1rb",253,"1,86 rb","0,48%",Rp0,1,"45,34 rb","0,38%","21,16%","78,84%","31,60%","49,60%","12,20%","3,70%","2,90%",16 Agu 2026 - 15 Sep 2026,7494842792232650933,https://affiliate-id.tokopedia.com/affiliate/creator/detail?cid=7494842792232650933&pair_source=author_filter&enter_from=affiliate_find_creators&search_key=AvFrZiHRGNiUlFebZlhV2Y8DdxxdqihIyyX8dUrPkWA=&req_id=&query=&shop_region=ID&shop_id=7495839165477914693
kesehatan,aquissath _ Tokopedia & Shop Affiliate.pdf,aquissath,Aquissa Thahara,7,ya,Belum ada rating,"Perawatan & Kec… , +2","570,4 rb",,@Beautetox | Now building @Habibty Ritual | Join Affiliate + Mobil Aira EV klik⤵️ | https://linktr.ee/habibtyof…,Rp1JT+,"9,32 rb",Rp478rb,"Rp88,8rb-Rp177,6rb","96,22%","1,96%","Perawatan & Ke… 99,87%; Kesehatan 0,11%; Kartu produk 1,82%; Lainnya 0,02%",0%,--,39,1,Rp12rb,81,"9,94 rb","1,34%","Rp2,4jt",158,"25,15 rb",5%,"26,72%","73,28%","20,50%","49,20%","20,50%","6,60%","3,20%",16 Agu 2026 - 15 Sep 2026,7493993784172185444,https://affiliate-id.tokopedia.com/affiliate/creator/detail?cid=7493993784172185444&pair_source=author_filter&enter_from=affiliate_find_creators&search_key=AvFrZiHRGNiUlFebZlhV2Y8DdxxdqihIyyX8dUrPkWA=&req_id=&query=&shop_region=ID&shop_id=7495839165477914693
kesehatan,arista.sk14 _ Tokopedia & Shop Affiliate.pdf,arista.sk14,Aristask,7,ya,4.2,"Perawatan & Kec… , +2","290,5 rb",,"Kolaborasi | Endors langsung D.M | Reseller pertama @OWNER DESRRY | Akun real @Suka Arista @mama Arista,sk | Jelajahi kreator | @Sukaars√ | skincare @OWNER DAVIENA SKINCARE",Rp609jt,"7,07 rb",Rp42rb,"Rp99,6rb","0,95%","99,05%","Perawatan & Ke… 76,30%; Kesehatan 17,23%; Pakaian & Dala… 3,37%; Lainnya 3,10%","97,9%","7,5%",252,64,"Rp42,6rb",844,"14,86 rb","3,84%","Rp140,5rb",15,"39,4 rb","3,03%","27,28%","72,72%","33,90%","47,30%","11,60%","3,20%","4,00%",16 Agu 2026 - 15 Sep 2026,7496019497778645920,https://affiliate-id.tokopedia.com/affiliate/creator/detail?cid=7496019497778645920&pair_source=author_filter&enter_from=affiliate_find_creators&search_key=qL8IEsej+ZuFOV7Onuk9MJ16FDc7Iu3LPdOszFgerAE=&req_id=&query=&shop_region=ID&shop_id=7495839165477914693
kesehatan,ayii_beauty _ Tokopedia & Shop Affiliate.pdf,ayii_beauty,Ayii Beauty🎀,6,ya,1.0,"Perawatan & Kec… , +2","8,3 rb",,🎀Racun Glow up🎀 | Jelajahi kreator | Spill✨unboxing✨review | DM for Bussines/Endorse📩,"Rp811,8jt","9,47 rb","Rp90,1rb","Rp91,7rb",,"99,91%","Perawatan & Ke… 98,13%; Makanan & Min… 0,93%; Kartu produk 0,09%; Kesehatan 0,90%; Lainnya 0,04%","94,89%",6%,159,50,"Rp90,5rb",349,369,"0,46%",Rp0,4,148,"0,55%","23,26%","76,74%","9,30%","32,20%","28,50%","20,60%","9,40%",16 Agu 2026 - 15 Sep 2026,7496210492331821854,https://affiliate-id.tokopedia.com/affiliate/creator/detail?cid=7496210492331821854&pair_source=author_filter&enter_from=affiliate_find_creators&search_key=qL8IEsej+ZuFOV7Onuk9MJ16FDc7Iu3LPdOszFgerAE=&req_id=&query=&shop_region=ID&shop_id=7495839165477914693
kesehatan,azzahrargta_ _ Tokopedia & Shop Affiliate.pdf,azzahrargta_,,,ya,Belum ada rating,"Perawatan & Kec… , +2","16,8 rb",,business inq DM or IG 💌 | Beranda | https://www.instagram.c… | Kolaborasi | Jelajahi kreator,Rp1JT+,"14,42 rb","Rp63,4rb","Rp0-Rp88,7rb",,"99,62%","Perawatan & Ke… 96,16%; Makanan & Min… 2,48%; Kartu produk 0,38%; Kesehatan 1,09%; Lainnya 0,27%","76,59%",--,334,95,"Rp63,6rb",183,882,"2,03%",Rp0,0,213,0%,"22,39%","77,61%","32,90%","46,30%","13,30%","4,00%","3,50%",16 Agu 2026 - 15 Sep 2026,7493992858550765148,https://affiliate-id.tokopedia.com/affiliate/creator/detail?cid=7493992858550765148&pair_source=author_filter&enter_from=affiliate_find_creators&search_key=AvFrZiHRGNiUlFebZlhV2Y8DdxxdqihIyyX8dUrPkWA=&req_id=&query=&shop_region=ID&shop_id=7495839165477914693
kesehatan,babe_kita _ Tokopedia & Shop Affiliate.pdf,babe_kita,Mami Mutya,6,ya,Belum ada rating,"Perawatan & Kec… , +2","49,4 rb",Haluan Digital,"Jumlah pengikut: 49,4 rb | Review Skincare Anak 🎶 | 🤎Live Setiap Hari🤎",Rp1JT+,"18,5 rb","Rp1,2jt","Rp0-Rp88,8rb","99,90%","0,06%","Perawatan & Ke… 100,00%; Kartu produk 0,04%",--,--,29,5,Rp9rb,75,"3,15 rb","0,4%","Rp1,3jt",37,"197,48 rb","0,95%","23,36%","76,64%","10,20%","45,20%","29,90%","11,10%","3,60%",16 Agu 2026 - 15 Sep 2026,7495709190022793262,https://affiliate-id.tokopedia.com/affiliate/creator/detail?cid=7495709190022793262&pair_source=author_filter&enter_from=affiliate_find_creators&search_key=AvFrZiHRGNiUlFebZlhV2Y8DdxxdqihIyyX8dUrPkWA=&req_id=&query=&shop_region=ID&shop_id=7495839165477914693
kesehatan,beliicia _ Tokopedia & Shop Affiliate.pdf,beliicia,beliicia,7,ya,Belum ada rating,"Perawatan & Kec… , +2","155,8 rb",,Kolaborasi | REVIEW PRODUK BEAUTY TERUPDATEE | 💌CP: 081342171772 (Andrew) | 📍SBY | Jelajahi kreator | Gbuu! | https://msha.ke/beliicia,Rp1JT+,"40,47 rb","Rp28,5rb","Rp0-Rp88,8rb",,"99,97%","Perawatan & Ke… 99,71%; Makanan & Min… 0,16%; Kartu produk 0,03%; Kesehatan 0,08%; Lainnya 0,05%","68,25%",--,521,118,"Rp28,3rb",128,"55,51 rb","1,83%",Rp0,0,0,0%,"28,40%","71,60%",,,"14,70%","5,60%","4,40%",16 Agu 2026 - 15 Sep 2026,7494003842096202764,https://affiliate-id.tokopedia.com/affiliate/creator/detail?cid=7494003842096202764&pair_source=author_filter&enter_from=affiliate_find_creators&search_key=qL8IEsej+ZuFOV7Onuk9MJ16FDc7Iu3LPdOszFgerAE=&req_id=&query=&shop_region=ID&shop_id=7495839165477914693
kesehatan,byfujira _ Tokopedia & Shop Affiliate.pdf,byfujira,,,ya,Belum ada rating,"Perawatan & Kec… , +2","140,5 rb",,🧖‍♀️Rangkuman Bodycare - Skincare🧖‍♀️ | Beranda | 🔔LIVE HARGA AMBYAR SETIAP HARI🔔 | https://s.shopee.co.id/2A… | Kolaborasi | CUANITY AFFILIATE PA… | Jelajahi kreator,"Rp859,8jt","6,35 rb",Rp428rb,"Rp160,4rb","88,12%","11,86%","Perawatan & Ke… 90,14%; Kesehatan 9,78%; Lainnya 0,05%; Kartu produk 0,02%; Makanan & Min… 0,03%","44,64%","3,5%",147,33,"Rp56,8rb",242,738,"1,14%","Rp3,4jt",61,"33,01 rb","5,1%","27,35%","72,65%","39,20%","44,50%","11,10%","3,10%","2,10%",16 Agu 2026 - 15 Sep 2026,7493992681734178024,https://affiliate-id.tokopedia.com/affiliate/creator/detail?cid=7493992681734178024&pair_source=author_filter&enter_from=affiliate_find_creators&search_key=QNAg0kotfLYCmI6/FTDGA18xcYJgSHhsNkFVmDQg87k=&req_id=&query=&shop_region=ID&shop_id=7495839165477914693
kesehatan,cakeqy _ Tokopedia & Shop Affiliate.pdf,cakeqy,cakequeen,6,ya,Belum ada rating,"Beauty & Persona…, +2","112,8 rb",,ig : andinrfdl | BA @syb official | CUMA PUNYA 1 AKUN! | https://collshp.com/cakeqy,Rp1JT+,"14,75 rb","Rp46,6rb","Rp0-Rp88,8rb",,"99,87%","Beauty & Perso… 99,63%; Health 0,36%; product cards 0,13%; Others 0,01%","53,84%",--,193,65,"Rp45,7rb",295,1,"1,64%",Rp0,0,2,0%,,,,,"13,70%","2,60%","1,90%",16 Agu 2026 - 15 Sep 2026,7493998096091153981,https://affiliate-id.tokopedia.com/affiliate/creator/detail?cid=7493998096091153981&pair_source=author_filter&enter_from=affiliate_find_creators&search_key=AvFrZiHRGNiUlFebZlhV2Y8DdxxdqihIyyX8dUrPkWA=&req_id=&query=&shop_region=ID&shop_id=7495839165477914693
kesehatan,ceceterglowing14_ _ Tokopedia & Shop Affiliate.pdf,ceceterglowing14_,,,ya,,,,,ceceterglowing14_ | Tokopedia & Shop Affiliate | Affiliate Center | GMV per saluran penjualan | GMV berdasarkan kategori produk | Pesan kreator | Bantuan | Beranda,,,,,"85,11%","14,43%",,0%,"9,99%",47,4,"Rp104,6rb",68,"5,78 rb","2,35%","Rp449,3rb",127,"33,63 rb","8,3%","22,23%","77,77%","9,00%","32,40%","29,60%","18,70%","10,30%",16 Agu 2026 - 15 Sep 2026,7494759727385512763,https://affiliate-id.tokopedia.com/affiliate/creator/detail?cid=7494759727385512763&pair_source=author_filter&enter_from=affiliate_find_creators&search_key=qL8IEsej+ZuFOV7Onuk9MJ16FDc7Iu3LPdOszFgerAE=&req_id=&query=&shop_region=ID&shop_id=7495839165477914693
kesehatan,denis_wira9 _ Tokopedia & Shop Affiliate.pdf,denis_wira9,Denis seges NS,7,ya,1.0,"Perawatan & Kec… , +2","183,8 rb",,Open : | Endorse | Live ekslusif ( rate card by dm ) | _keciL_Tapi_Otak_Semua,"Rp635,7jt","6,8 rb","Rp70,2rb",Rp97rb,"7,41%","92,34%","Perawatan & Ke… 96,23%; Kesehatan 2,51%; Makanan & Min… 0,82%; Kartu produk 0,25%; Lainnya 0,44%","55,37%",10%,46,27,"Rp66,4rb",174,"5,07 rb","0,56%","Rp679,5rb",16,"62,69 rb","3,75%","43,95%","56,05%","6,80%","27,30%","31,40%","23,30%","11,20%",16 Agu 2026 - 15 Sep 2026,7495546509316622385,https://affiliate-id.tokopedia.com/affiliate/creator/detail?cid=7495546509316622385&pair_source=author_filter&enter_from=affiliate_find_creators&search_key=qL8IEsej+ZuFOV7Onuk9MJ16FDc7Iu3LPdOszFgerAE=&req_id=&query=&shop_region=ID&shop_id=7495839165477914693
kesehatan,dilanjaniyar _ Tokopedia & Shop Affiliate.pdf,dilanjaniyar,Dilan Janiyar,7,ya,Belum ada rating,"Perawatan & Kec… , +2","3,5 jt",FYC,Jelajahi kreator | Aku juga @Dilan Janiyar_2 | Anak ku @Hayza Annarou | Lipcream ku @Girl's Therapy,Rp1JT+,"18,5 rb","Rp494,1rb","Rp88,8rb-Rp177,5rb","94,58%","4,80%","Perawatan & Ke… 92,05%; Ibu & Bayi 6,86%; Kesehatan 1,07%; Kartu produk 0,62%; Lainnya 0,02%",0%,--,269,38,Rp58rb,35,"92,08 rb","9,46%","Rp779,3rb",37,"561,68 rb","4,44%","29,82%","70,18%","36,90%","49,50%","9,30%","2,30%","2,00%",16 Agu 2026 - 15 Sep 2026,7493989972655506768,https://affiliate-id.tokopedia.com/affiliate/creator/detail?cid=7493989972655506768&pair_source=author_filter&enter_from=affiliate_find_creators&search_key=qL8IEsej+ZuFOV7Onuk9MJ16FDc7Iu3LPdOszFgerAE=&req_id=&query=&shop_region=ID&shop_id=7495839165477914693
kesehatan,dokterdetektifhero _ Tokopedia & Shop Affiliate.pdf,dokterdetektifhero,,,ya,,,795 rb,KOLABE,dokterdetektifhero | Tokopedia & Shop Affiliate | Affiliate Center | Pesan kreator | Bantuan | Beranda,Rp1JT+,"16,03 rb","Rp408,7rb","Rp88,8rb-Rp177,5rb","96,56%","2,77%","Perawatan & Ke… 92,90%; Kesehatan 5,62%; Seller Center                                                                                                                                                                                                                                                      ",--,--,289,15,"Rp14,5rb",136,"26,05 rb","1,2%","Rp1,3jt",27,"165,87 rb","28,84%","25,95%","74,05%","13,40%","48,80%","26,00%","8,70%","3,10%",16 Agu 2026 - 15 Sep 2026,7494039898672498135,https://affiliate-id.tokopedia.com/affiliate/creator/detail?cid=7494039898672498135&pair_source=author_filter&enter_from=affiliate_find_creators&search_key=AvFrZiHRGNiUlFebZlhV2Y8DdxxdqihIyyX8dUrPkWA=&req_id=&query=&shop_region=ID&shop_id=7495839165477914693
kesehatan,fahildahajar _ Tokopedia & Shop Affiliate.pdf,fahildahajar,Fahilda,6,ya,Belum ada rating,"Perawatan & Kec… , +2","9,4 rb",YUXI JAYATAMA,Happy shopping 🥰🛒 | Open endors💐 | Curi vidio denda 50jt‼️,"Rp559,4jt","6,19 rb","Rp61,9rb","Rp94,8rb",,"100,00%","Perawatan & Ke… 98,86%; Kesehatan 0,83%; Makanan & Min… 0,16%; Lainnya 0,15%","96,95%",7%,194,94,"Rp62,6rb",370,"1,13 rb","0,85%",Rp0,0,2,0%,"25,46%","74,54%","24,80%","51,50%","16,60%","4,80%","2,30%",16 Agu 2026 - 15 Sep 2026,7494050068961725503,https://affiliate-id.tokopedia.com/affiliate/creator/detail?cid=7494050068961725503&pair_source=author_filter&enter_from=affiliate_find_creators&search_key=qL8IEsej+ZuFOV7Onuk9MJ16FDc7Iu3LPdOszFgerAE=&req_id=&query=&shop_region=ID&shop_id=7495839165477914693
kesehatan,fatmahbeauty _ Tokopedia & Shop Affiliate.pdf,fatmahbeauty,,,ya,Belum ada rating,"Beauty & Persona…, +2","18,6 rb",,sukabumi | Beranda | ❗️LIVE SETIAP HARI ❗️ | Kolaborasi | Nobi Project | Jelajahi kreator,"Rp1,2M","14,8 rb","Rp1,3jt","Rp85,3rb","99,65%","0,22%","Beauty & Perso… 100,00%; Kartu produk 0,13%",--,"9,83%",24,6,"Rp7,4rb",81,"8,33 rb","1,6%",Rp2jt,51,"23,44 rb","2,92%",,,,,"26,50%","8,70%","3,40%",16 Agu 2026 - 15 Sep 2026,7496219289859034046,https://affiliate-id.tokopedia.com/affiliate/creator/detail?cid=7496219289859034046&pair_source=author_filter&enter_from=affiliate_find_creators&search_key=qL8IEsej+ZuFOV7Onuk9MJ16FDc7Iu3LPdOszFgerAE=&req_id=&query=&shop_region=ID&shop_id=7495839165477914693
kesehatan,ibukvanya _ Tokopedia & Shop Affiliate.pdf,ibukvanya,ibukvanya,7,ya,Belum ada rating,"Jelajahi kreator                                                                                                                                                                                 Perawatan & Kec… , +2","19,5 rb",,Ibuk kabupaten doyan skincarean & bodycarean | Jelajahi kreator | BA:@Aftermyskin 💖 | Endorsment | bussines inq by DM | Live Setiap Hari ✨,"Rp787,2jt","8,89 rb",Rp2jt,"Rp101,5rb","99,89%","0,10%","Perawatan & Ke… 99,58%; Kesehatan 0,40%; Kartu produk 0,01%; Lainnya 0,02%","95,16%",10%,155,9,"Rp33,6rb",44,"3,61 rb","4,06%","Rp2,2jt",144,"15,01 rb","3,76%","19,05%","80,95%","15,60%","51,90%","23,10%","6,50%","2,90%",16 Agu 2026 - 15 Sep 2026,7495297971172968585,https://affiliate-id.tokopedia.com/affiliate/creator/detail?cid=7495297971172968585&pair_source=author_filter&enter_from=affiliate_find_creators&search_key=qL8IEsej+ZuFOV7Onuk9MJ16FDc7Iu3LPdOszFgerAE=&req_id=&query=&shop_region=ID&shop_id=7495839165477914693
kesehatan,igun31 _ Tokopedia & Shop Affiliate.pdf,igun31,,,ya,Belum ada rating,"Perawatan & Kec… , +2","5,1 jt",Nobi Project,Affiliate Center | Pesan kreator | Bantuan | SUPER MEGA BINTANG | Beranda | Kolaborasi | Jelajahi kreator,Rp1JT+,"19,71 rb","Rp72,1rb","Rp0-Rp88,8rb","0,01%","96,11%","Perawatan & Ke… 99,73%; Kartu produk 3,88%; Kesehatan 0,26%; Lainnya 0,01%",--,--,12,3,Rp72rb,62,"142,6 rb","7,87%",--,0,1,"14,97%","33,75%","66,25%","17,50%","44,70%","24,10%","9,60%","4,10%",16 Agu 2026 - 15 Sep 2026,7493994530804172792,https://affiliate-id.tokopedia.com/affiliate/creator/detail?cid=7493994530804172792&pair_source=author_filter&enter_from=affiliate_find_creators&search_key=AvFrZiHRGNiUlFebZlhV2Y8DdxxdqihIyyX8dUrPkWA=&req_id=&query=&shop_region=ID&shop_id=7495839165477914693
kesehatan,iketiaaa _ Tokopedia & Shop Affiliate.pdf,iketiaaa,Iketiaaa,7,ya,Belum ada rating,"Perawatan & Kec… , +2",40 rb,,Hi🌷pejuang glow up kumpul sini! | Jelajahi kreator | ‼️CURI VIDEO DENDA 200JT‼️ | https://www.instagram.c…,Rp1JT+,"27,44 rb","Rp138,3rb","Rp0-Rp88,8rb","0,08%","99,76%","Perawatan & Ke… 99,64%; Fashion Muslim 0,17%; Kartu produk 0,16%; Kesehatan 0,15%; Lainnya 0,04%","97,53%",--,185,47,"Rp137,5rb",446,"1,05 rb","1,87%","Rp1,3jt",3,"18,94 rb","15,94%","19,89%","80,11%","27,70%","49,10%","15,40%","4,60%","3,20%",16 Agu 2026 - 15 Sep 2026,7494000813274531015,https://affiliate-id.tokopedia.com/affiliate/creator/detail?cid=7494000813274531015&pair_source=author_filter&enter_from=affiliate_find_creators&search_key=qL8IEsej+ZuFOV7Onuk9MJ16FDc7Iu3LPdOszFgerAE=&req_id=&query=&shop_region=ID&shop_id=7495839165477914693
kesehatan,indah.rizki7 _ Tokopedia & Shop Affiliate.pdf,indah.rizki7,,,ya,",","Perawatan & Kec… , +2","7,4 rb",,PRODUK ORIGINAL 💯 | PRODUK VIRAL ✅ | Beranda | BPOM ✅ | https://id.shp.ee/q7sp0g1… | Kolaborasi | Jelajahi kreator,Rp1JT+,"12,26 rb",Rp88rb,"Rp0-Rp88,7rb",,"99,88%","Perawatan & Ke… 96,40%; Kesehatan 3,21%; Kartu produk 0,12%; Peralatan Ruma… 0,30%; Lainnya 0,09%","96,87%",--,101,51,"Rp86,9rb",393,59,"0,54%",Rp0,0,0,0%,"27,73%","72,27%","11,00%","35,90%","27,10%","16,60%","9,40%",16 Agu 2026 - 15 Sep 2026,7495313730675837615,https://affiliate-id.tokopedia.com/affiliate/creator/detail?cid=7495313730675837615&pair_source=author_filter&enter_from=affiliate_find_creators&search_key=QNAg0kotfLYCmI6/FTDGA18xcYJgSHhsNkFVmDQg87k=&req_id=&query=&shop_region=ID&shop_id=7495839165477914693
kesehatan,jojoandclaire _ Tokopedia & Shop Affiliate.pdf,jojoandclaire,,,ya,,,"25,3 rb",,jojoandclaire | Tokopedia & Shop Affiliate | Affiliate Center | Pesan kreator | Bantuan,"Rp2,2M","62,86 rb","Rp41,9rb","Rp37,9rb","0,83%","99,14%","Perawatan & Ke… 94,92%; Pembayaran                                                                                                                                                                                                                                                                      Vide","91,89%","7,5%",97,55,"Rp41,2rb",115,"5,39 rb","1,39%","Rp979,6rb",1,"354,02 rb","0,48%","30,54%","69,46%","29,20%","44,50%","16,60%","5,90%","3,80%",16 Agu 2026 - 15 Sep 2026,7493998008716003056,https://affiliate-id.tokopedia.com/affiliate/creator/detail?cid=7493998008716003056&pair_source=author_filter&enter_from=affiliate_find_creators&search_key=qL8IEsej+ZuFOV7Onuk9MJ16FDc7Iu3LPdOszFgerAE=&req_id=&query=&shop_region=ID&shop_id=7495839165477914693
kesehatan,khansakhrnnsa _ Tokopedia & Shop Affiliate.pdf,khansakhrnnsa,khansakhrnnsa,5,ya,Belum ada rating,"Perawatan & Kec… , +2",707,,"Kolaborasi | Home living & Beauty • Creator digital • Tips and | trik | Bersama rumah tumbuh 🏡 | Jelajahi kreator | More info, Dm💌 | IG Khnskhrnnsa_",Rp1JT+,"6,92 rb","Rp507,5rb","Rp355,1rb+","89,02%","10,98%","Perawatan & Ke… 95,55%; Ibu & Bayi 4,24%; Lainnya 0,17%; Kesehatan 0,04%","83,33%",--,69,40,"Rp53,2rb",76,49,"2,68%","Rp107,8jt",2,30,"1,17%","35,13%","64,87%","17,20%","60,30%","16,00%","4,50%","2,00%",16 Agu 2026 - 15 Sep 2026,7493992004310696970,https://affiliate-id.tokopedia.com/affiliate/creator/detail?cid=7493992004310696970&pair_source=author_filter&enter_from=affiliate_find_creators&search_key=qL8IEsej+ZuFOV7Onuk9MJ16FDc7Iu3LPdOszFgerAE=&req_id=&query=&shop_region=ID&shop_id=7495839165477914693
kesehatan,kismissreisha _ Tokopedia & Shop Affiliate.pdf,kismissreisha,Reisha Novandita,7,ya,Belum ada rating,"Perawatan & Kec… , +2",1 jt,CUANITY AFFILIATE PA…,✨travel enthusiast | @Noera By Reisha | JOIN AFFILIATE NOERA👇🏻 | https://linktr.ee/noerabyr…,Rp1JT+,"6,85 rb","Rp1,6jt","Rp266,2rb-Rp354,9rb","97,93%","0,39%","Perawatan & Ke… 69,38%; Kesehatan 30,52%; Kartu produk 1,68%; Lainnya 0,06%; Makanan & Min… 0,04%",--,--,166,2,"Rp9,5rb",93,"3,42 rb","0,52%","Rp4,7jt",14,"111,13 rb","14,48%","45,68%","54,32%","27,30%","50,90%","17,20%","2,80%","1,80%",16 Agu 2026 - 15 Sep 2026,7494300786012555349,https://affiliate-id.tokopedia.com/affiliate/creator/detail?cid=7494300786012555349&pair_source=author_filter&enter_from=affiliate_find_creators&search_key=AvFrZiHRGNiUlFebZlhV2Y8DdxxdqihIyyX8dUrPkWA=&req_id=&query=&shop_region=ID&shop_id=7495839165477914693
kesehatan,lintangggdwn _ Tokopedia & Shop Affiliate.pdf,lintangggdwn,Lintangg🌷,7,ya,4.0,"Perawatan & Kec… , +2",26 rb,,beautycare | fashion | daily life🎀 | Review Bdycre Murah Tp Berkualitas | Endorsement Dm💌 | ig : lintangdwndaru,"Rp1,8M","45,31 rb","Rp67,5rb","Rp44,5rb",,"99,94%","Perawatan & Ke… 95,81%; Kesehatan 3,90%; Kartu produk 0,06%; Makanan & Min… 0,26%; Lainnya 0,03%","98,65%","7,5%",125,34,"Rp67,4rb",390,758,"1,2%",Rp0,0,0,0%,"59,76%","40,24%","28,80%","51,20%","13,80%","3,40%","2,80%",16 Agu 2026 - 15 Sep 2026,7495210605816023485,https://affiliate-id.tokopedia.com/affiliate/creator/detail?cid=7495210605816023485&pair_source=author_filter&enter_from=affiliate_find_creators&search_key=qL8IEsej+ZuFOV7Onuk9MJ16FDc7Iu3LPdOszFgerAE=&req_id=&query=&shop_region=ID&shop_id=7495839165477914693
kesehatan,mamihangel10 _ Tokopedia & Shop Affiliate.pdf,mamihangel10,Mamih Angel shop,7,ya,Belum ada rating,"Perawatan & Kec… , +2","679,5 rb",,ENDORSE YUUK,"Rp1,3M","32,93 rb","Rp110,7rb","Rp46,1rb","29,69%","69,86%","Perawatan & Ke… 99,95%; Lainnya 0,03%; Kartu produk 0,45%; Renovasi Rumah 0,02%",8%,"7,5%",66,5,"Rp85,6rb",63,"8,79 rb","0,84%","Rp350,4rb",66,"54,3 rb","5,64%","64,63%","35,37%","7,30%","33,30%","35,90%","17,20%","6,30%",16 Agu 2026 - 15 Sep 2026,7495409746874107984,https://affiliate-id.tokopedia.com/affiliate/creator/detail?cid=7495409746874107984&pair_source=author_filter&enter_from=affiliate_find_creators&search_key=NFUQ3ktVbG8EFP4uMw5Z1c3QRS+BHKd1g8VcolXPGsU=&req_id=&query=&shop_region=ID&shop_id=7495839165477914693
kesehatan,maminyaglughava _ Tokopedia & Shop Affiliate.pdf,maminyaglughava,maminyaglughava,7,ya,Belum ada rating,"Perawatan & Kec… , +2","551,8 rb",,Admin Resmi👉🏻 @GLUGHAVA.OFFICIALPUSAT | | Belanja 24 jam @GLUGHAVA.OFFICIAL Bingung | pilih produk chek di @Maza🧚🏻 | DAFTAR KOMPETISI LIVE DI BAWAH👇🏻 | https://forms.gle/inBvw8…,Rp1JT+,"16,46 rb",Rp275rb,"Rp88,8rb-Rp177,5rb","86,97%","7,79%","Perawatan & Ke… 98,80%; Kesehatan 1,19%; Kartu produk 5,24%; Lainnya 0,01%",--,--,75,0,"Rp28,7rb",111,"22,74 rb","2,65%",Rp840rb,71,"56,97 rb","30,13%","20,73%","79,27%","19,90%","51,90%","20,00%","5,50%","2,70%",16 Agu 2026 - 15 Sep 2026,7494283437952961094,https://affiliate-id.tokopedia.com/affiliate/creator/detail?cid=7494283437952961094&pair_source=author_filter&enter_from=affiliate_find_creators&search_key=qL8IEsej+ZuFOV7Onuk9MJ16FDc7Iu3LPdOszFgerAE=&req_id=&query=&shop_region=ID&shop_id=7495839165477914693
kesehatan,maybenotcalum _ Tokopedia & Shop Affiliate.pdf,maybenotcalum,,,ya,,,,,maybenotcalum | Tokopedia & Shop Affiliate | Affiliate Center | GMV per saluran penjualan | GMV berdasarkan kategori produk | Pesan kreator | Bantuan | Beranda,,,,,,"99,83%",,"90,9%",--,68,17,"Rp79,2rb",35,"3,63 rb","3,82%",Rp0,0,"2,25 rb","6,11%","85,01%","14,99%","35,90%","48,80%","10,90%","2,40%","2,00%",16 Agu 2026 - 15 Sep 2026,7494810790925863901,https://affiliate-id.tokopedia.com/affiliate/creator/detail?cid=7494810790925863901&pair_source=author_filter&enter_from=affiliate_find_creators&search_key=AvFrZiHRGNiUlFebZlhV2Y8DdxxdqihIyyX8dUrPkWA=&req_id=&query=&shop_region=ID&shop_id=7495839165477914693
kesehatan,nabellaolivia _ Tokopedia & Shop Affiliate.pdf,nabellaolivia,,,ya,1.0,"Perawatan & Kec… , +2","129,1 rb",,Glowup with @Noera By Reisha | Skincare @Adleeva | Beranda | Bantu follow @IniiNabella | Igoy : Nabellaoliviaaa | Kolaborasi | CUANITY AFFILIATE PA… | Jelajahi kreator,Rp1JT+,"12,94 rb","Rp1,9jt","Rp177,5rb-Rp266,2rb","95,75%","4,20%","Perawatan & Ke… 80,95%; Kesehatan 18,42%; Lainnya 0,43%; Kartu produk 0,05%; Ponsel & Elektro… 0,20%",92%,--,227,30,"Rp189,6rb",168,"3,89 rb","1,06%","Rp3,3jt",83,"11,65 rb","23,99%","17,06%","82,94%","18,80%","55,30%","19,50%","4,40%","2,00%",16 Agu 2026 - 15 Sep 2026,7494000301158925559,https://affiliate-id.tokopedia.com/affiliate/creator/detail?cid=7494000301158925559&pair_source=author_filter&enter_from=affiliate_find_creators&search_key=qL8IEsej+ZuFOV7Onuk9MJ16FDc7Iu3LPdOszFgerAE=&req_id=&query=&shop_region=ID&shop_id=7495839165477914693
kesehatan,nha_nov1 _ Tokopedia & Shop Affiliate.pdf,nha_nov1,Agustina✅,7,ya,Belum ada rating,"Perawatan & Kec… , +2","9,3 rb",YUXI JAYATAMA,Kolaborasi | 👍 rekomendasi produk murah & berkualitas | 🛒Belanja klik👇 | Jelajahi kreator | https://www.instagram.c…,Rp1JT+,"13,61 rb","Rp86,9rb","Rp0-Rp88,8rb",,"99,98%","Perawatan & Ke… 99,74%; Kesehatan 0,25%; Kartu produk 0,02%; Lainnya 0,01%",100%,--,163,24,"Rp86,3rb",701,588,"0,35%",Rp0,0,1,0%,"51,48%","48,52%","17,00%","45,10%","21,70%","10,50%","5,70%",16 Agu 2026 - 15 Sep 2026,7495088701830892123,https://affiliate-id.tokopedia.com/affiliate/creator/detail?cid=7495088701830892123&pair_source=author_filter&enter_from=affiliate_find_creators&search_key=qL8IEsej+ZuFOV7Onuk9MJ16FDc7Iu3LPdOszFgerAE=&req_id=&query=&shop_region=ID&shop_id=7495839165477914693
kesehatan,nimnimploy _ Tokopedia & Shop Affiliate.pdf,nimnimploy,Nim Nim Ploy 🇹🇭,7,ya,Belum ada rating,"Perawatan & Kec… , +2","21,4 rb",,Kolaborasi | Hello ✌🏻 | Follow akun kedua ku | Jelajahi kreator,"Rp939,4jt",27 rb,Rp31rb,"Rp36,4rb",,"99,94%","Perawatan & Ke… 100,00%; Kartu produk 0,06%","66,66%","15,99%",13,3,"Rp30,9rb",44,218,"0,68%",Rp0,0,1,0%,"29,93%","70,07%","18,30%","41,40%","24,20%","11,20%","4,90%",16 Agu 2026 - 15 Sep 2026,7495888695205201991,https://affiliate-id.tokopedia.com/affiliate/creator/detail?cid=7495888695205201991&pair_source=author_filter&enter_from=affiliate_find_creators&search_key=qL8IEsej+ZuFOV7Onuk9MJ16FDc7Iu3LPdOszFgerAE=&req_id=&query=&shop_region=ID&shop_id=7495839165477914693
kesehatan,ojan___0 _ Tokopedia & Shop Affiliate.pdf,ojan___0,,,ya,,,"527,1 rb",,ojan___0 | Tokopedia & Shop Affiliate | Affiliate Center | Pesan kreator | Bantuan,"Rp512,6jt","7,08 rb","Rp42,7rb","Rp78,3rb","0,22%","99,22%","Perawatan & Ke… 99,00%; Pembayaran                                                                                                                                                                                                                                                                        Vi","42,85%",5%,395,92,"Rp42,1rb",133,"1,26 rb","3,36%","Rp45,4rb",16,"137,84 rb","8,99%","29,66%","70,34%","38,20%","44,80%","11,40%","3,50%","2,10%",16 Agu 2026 - 15 Sep 2026,7494003033098061624,https://affiliate-id.tokopedia.com/affiliate/creator/detail?cid=7494003033098061624&pair_source=author_filter&enter_from=affiliate_find_creators&search_key=AvFrZiHRGNiUlFebZlhV2Y8DdxxdqihIyyX8dUrPkWA=&req_id=&query=&shop_region=ID&shop_id=7495839165477914693
kesehatan,padalaris18 _ Tokopedia & Shop Affiliate.pdf,padalaris18,Padalaris,6,ya,Belum ada rating,"Perawatan & Kec… , +2",14 rb,TODASUN,Kolaborasi | •PUSAT HERBAL BAHAN ALAMI🍀 | •GARANSI ORIGINAL 💯 | •PENGIRIMAN CEPAT🚚 | Jelajahi kreator | •GRATIS KONSULTASI 📞 | •KLIK👇🏻 SHOWCASE UNTUK PEMBELIAN,"Rp1,3M","31,18 rb","Rp60,8rb","Rp44,4rb",,"99,98%","Perawatan & Ke… 93,06%; Kesehatan 4,71%; Kartu produk 0,02%; Makanan & Min… 2,13%; Lainnya 0,10%","97,22%","9,99%",171,36,"Rp61,3rb",353,683,"0,61%",Rp0,0,0,0%,"48,48%","51,52%","8,90%","28,10%","27,60%","23,40%","12,00%",16 Agu 2026 - 15 Sep 2026,7494203696341943787,https://affiliate-id.tokopedia.com/affiliate/creator/detail?cid=7494203696341943787&pair_source=author_filter&enter_from=affiliate_find_creators&search_key=qL8IEsej+ZuFOV7Onuk9MJ16FDc7Iu3LPdOszFgerAE=&req_id=&query=&shop_region=ID&shop_id=7495839165477914693
kesehatan,patria_888 _ Tokopedia & Shop Affiliate.pdf,patria_888,Bodycare pemutih murah✅,6,ya,1.0,"Perawatan & Kec… , +2","33,1 rb",,🔥harga Live lebih hemat | ✨bodycare untuk kulit BADAK anti zonk | 🧪niacinamide 10 %,"Rp526,7jt","9,25 rb","Rp513,3rb","Rp72,4rb","97,23%","2,37%","Perawatan & Ke… 99,74%; Kesehatan 0,25%; Kartu produk 0,40%; Lainnya 0,01%","55,67%",10%,17,5,"Rp80,4rb",87,163,"0,99%",Rp593rb,107,"32,54 rb","3,48%","15,69%","84,31%","11,60%","50,40%","27,90%","7,50%","2,60%",16 Agu 2026 - 15 Sep 2026,7494094082988214813,https://affiliate-id.tokopedia.com/affiliate/creator/detail?cid=7494094082988214813&pair_source=author_filter&enter_from=affiliate_find_creators&search_key=qL8IEsej+ZuFOV7Onuk9MJ16FDc7Iu3LPdOszFgerAE=&req_id=&query=&shop_region=ID&shop_id=7495839165477914693
kesehatan,payy______sya _ Tokopedia & Shop Affiliate.pdf,payy______sya,,,ya,,,314.912,,payy______sya | Tokopedia & Shop Affiliate | Affiliate Center | GMV per saluran penjualan | GMV berdasarkan kategori produk | Pesan kreator | Bantuan | Beranda,,,,,"0,01%","99,62%",,"68,65%",--,343,84,"Rp70,4rb",145,"6,38 rb","1,77%",--,0,1,0%,"61,24%","38,76%","35,60%","48,30%","10,80%","3,00%","2,30%",16 Agu 2026 - 15 Sep 2026,7493993684735919108,https://affiliate-id.tokopedia.com/affiliate/creator/detail?cid=7493993684735919108&pair_source=author_filter&enter_from=affiliate_find_creators&search_key=AvFrZiHRGNiUlFebZlhV2Y8DdxxdqihIyyX8dUrPkWA=&req_id=&query=&shop_region=ID&shop_id=7495839165477914693
kesehatan,priskilakaylaa _ Tokopedia & Shop Affiliate.pdf,priskilakaylaa,priskaylaa˚ ˙⋆,7,ya,Belum ada rating,"Perawatan & Kec… , +2","10,3 rb",CUANITY AFFILIATE PA…,bodycare | skincare | makeup 💖 | bussiness Inq = DM💬,Rp1JT+,"74,93 rb","Rp48,7rb","Rp0-Rp88,7rb",,"99,97%","Perawatan & Ke… 99,96%; Kesehatan 0,03%; Kartu produk 0,03%; Lainnya 0,01%","79,41%",--,104,47,"Rp48,7rb",364,"4,86 rb","0,9%",Rp0,0,0,0%,"24,28%","75,72%","33,70%","48,20%","12,10%","2,90%","3,10%",16 Agu 2026 - 15 Sep 2026,7493998043365148003,https://affiliate-id.tokopedia.com/affiliate/creator/detail?cid=7493998043365148003&pair_source=author_filter&enter_from=affiliate_find_creators&search_key=QNAg0kotfLYCmI6/FTDGA18xcYJgSHhsNkFVmDQg87k=&req_id=&query=&shop_region=ID&shop_id=7495839165477914693
kesehatan,racunhana _ Tokopedia & Shop Affiliate.pdf,racunhana,Hanaaow,7,ya,Belum ada rating,"Perawatan & Kec… , +2","49,1 rb",AFTER Affiliate Partner,Live tiap hari‼️ | Jelajahi kreator | BA @Aftermyskin | Endors/businnes dm💌 | TIDAK ADA AKUN LAIN!!,"Rp1,7M","16,48 rb","Rp1,9jt",Rp113rb,"99,65%","0,31%","Perawatan & Ke… 99,95%; Kesehatan 0,04%; Kartu produk 0,04%; Lainnya 0,01%",100%,10%,69,12,"Rp60,3rb",100,486,"5,68%","Rp2,1jt",313,"33,73 rb","1,67%","17,69%","82,31%","29,50%","50,80%","13,20%","3,40%","3,10%",16 Agu 2026 - 15 Sep 2026,7496156545649314800,https://affiliate-id.tokopedia.com/affiliate/creator/detail?cid=7496156545649314800&pair_source=author_filter&enter_from=affiliate_find_creators&search_key=QNAg0kotfLYCmI6/FTDGA18xcYJgSHhsNkFVmDQg87k=&req_id=&query=&shop_region=ID&shop_id=7495839165477914693
kesehatan,richardbardo _ Tokopedia & Shop Affiliate.pdf,richardbardo,Kokoh Skincare,5,ya,Belum ada rating,"Perawatan & Kec… , +2","229,7 rb",,🤔 Diskusi Skincare di Kolom Komen | 📩 DM IG for Partnership | https://www.instagram.c…,Rp1JT+,"7,8 rb","Rp28,5rb","Rp0-Rp88,8rb",,"99,89%","Perawatan & Ke… 99,79%; Kesehatan 0,20%; Kartu produk 0,11%; Lainnya 0,01%","33,33%",--,252,65,"Rp28,6rb",100,501,"2,54%",Rp0,0,1,0%,"37,45%","62,55%","23,70%","42,00%","17,70%","9,20%","7,40%",16 Agu 2026 - 15 Sep 2026,7493997502733059950,https://affiliate-id.tokopedia.com/affiliate/creator/detail?cid=7493997502733059950&pair_source=author_filter&enter_from=affiliate_find_creators&search_key=qL8IEsej+ZuFOV7Onuk9MJ16FDc7Iu3LPdOszFgerAE=&req_id=&query=&shop_region=ID&shop_id=7495839165477914693
kesehatan,shanmellshop _ Tokopedia & Shop Affiliate.pdf,shanmellshop,shanmell,6,ya,Belum ada rating,"Perawatan & Kec… , +2","53,2 rb",,• beauty | fashion | haircare | business inq dm 📩 | AMBIL VIDEO DENDA ‼️ | https://www.instagram.c…,Rp1JT+,"3,44 rb","Rp106,5rb","Rp88,8rb-Rp177,5rb","0,02%","99,92%","Perawatan & Ke… 99,65%; Pakaian & Dala… 0,21%; Kartu produk 0,06%; Lainnya 0,09%; Kesehatan 0,05%",100%,--,128,35,"Rp107,2rb",227,88,"2,55%","Rp3,3rb",8,"19,96 rb","4,71%","25,13%","74,87%","29,10%","43,90%","16,20%","5,90%","4,90%",16 Agu 2026 - 15 Sep 2026,7493997351525844010,https://affiliate-id.tokopedia.com/affiliate/creator/detail?cid=7493997351525844010&pair_source=author_filter&enter_from=affiliate_find_creators&search_key=AvFrZiHRGNiUlFebZlhV2Y8DdxxdqihIyyX8dUrPkWA=&req_id=&query=&shop_region=ID&shop_id=7495839165477914693
kesehatan,sharonatashaa _ Tokopedia & Shop Affiliate.pdf,sharonatashaa,Sharon Nat,7,ya,Belum ada rating,"Jelajahi kreator                                                                                                                                                                                  Perawatan & Kec… , +2","297,1 rb",,Jelajahi kreator | Belum ada bio | https://www.instagram.c…,Rp1JT+,"35,18 rb","Rp48,9rb","Rp0-Rp88,8rb","1,22%","98,65%","Perawatan & Ke… 95,66%; Kesehatan 2,48%; Pakaian & Dala… 1,67%; Kartu produk 0,13%; Lainnya 0,19%",80%,--,386,90,"Rp48,4rb",125,"14,14 rb","1,08%","Rp5,5jt",1,"251,29 rb","1,19%","43,15%","56,85%","18,10%","52,60%","21,60%","5,90%","1,80%",16 Agu 2026 - 15 Sep 2026,7494003257118393376,https://affiliate-id.tokopedia.com/affiliate/creator/detail?cid=7494003257118393376&pair_source=author_filter&enter_from=affiliate_find_creators&search_key=qL8IEsej+ZuFOV7Onuk9MJ16FDc7Iu3LPdOszFgerAE=&req_id=&query=&shop_region=ID&shop_id=7495839165477914693
kesehatan,sisiiiilia _ Tokopedia & Shop Affiliate.pdf,sisiiiilia,,,ya,,,,,sisiiiilia | Tokopedia & Shop Affiliate | Affiliate Center | GMV per saluran penjualan | GMV berdasarkan kategori produk | Pesan kreator | Bantuan | Beranda,,,,,"25,13%","74,85%",,"95,83%","6,64%",120,28,"Rp103,7rb",97,27,"0,94%","Rp1,7jt",40,"26,54 rb","3,04%","42,85%","57,15%","16,60%","48,90%","24,30%","7,30%","2,90%",16 Agu 2026 - 15 Sep 2026,7493997139127927880,https://affiliate-id.tokopedia.com/affiliate/creator/detail?cid=7493997139127927880&pair_source=author_filter&enter_from=affiliate_find_creators&search_key=AvFrZiHRGNiUlFebZlhV2Y8DdxxdqihIyyX8dUrPkWA=&req_id=&query=&shop_region=ID&shop_id=7495839165477914693
kesehatan,skincare.discount.live _ Tokopedia & Shop Affiliate.pdf,skincare.discount.live,,,ya,,,"26,3 rb",Live Style,skincare.discount.live | Tokopedia & Shop Affiliate | ‼️ LIVE SETIAP HARI ‼️ | Affiliate Center | Pesan kreator | Bantuan | Beranda,Rp1JT+,"21,62 rb","Rp158,1rb","Rp0-Rp88,8rb","0,36%","99,63%","Perawatan & Ke… 100,00%; Kartu produk 0,01%",--,--,210,15,"Rp157,7rb",137,"1,31 rb","0,44%",Rp448rb,17,"8,43 rb","26,41%","24,03%","75,97%","18,00%","47,90%","24,30%","7,10%","2,70%",16 Agu 2026 - 15 Sep 2026,7495200005580360406,https://affiliate-id.tokopedia.com/affiliate/creator/detail?cid=7495200005580360406&pair_source=author_filter&enter_from=affiliate_find_creators&search_key=AvFrZiHRGNiUlFebZlhV2Y8DdxxdqihIyyX8dUrPkWA=&req_id=&query=&shop_region=ID&shop_id=7495839165477914693
kesehatan,taalytairianto_ _ Tokopedia & Shop Affiliate.pdf,taalytairianto_,,,ya,,,,,"taalytairianto_ | Tokopedia & Shop Affiliate | Rp692,5jt | Rp573,1rb | Rp105rb | Affiliate Center | Pesan kreator | Bantuan | Beranda",,,,,"94,31%","5,38%","Perawatan & Ke… 99,35%; Temukan kreator                                                                                                                                                                                                                                                                 LIVE","62,68%",10%,78,38,"Rp48,9rb",233,"1,14 rb","2,06%","Rp1,5jt",142,"9,39 rb","73,07%","18,32%","81,68%","24,30%","54,70%","15,10%","3,40%","2,50%",16 Agu 2026 - 15 Sep 2026,7493992612769597372,https://affiliate-id.tokopedia.com/affiliate/creator/detail?cid=7493992612769597372&pair_source=author_filter&enter_from=affiliate_find_creators&search_key=QNAg0kotfLYCmI6/FTDGA18xcYJgSHhsNkFVmDQg87k=&req_id=&query=&shop_region=ID&shop_id=7495839165477914693
kesehatan,thisisalulaa _ Tokopedia & Shop Affiliate.pdf,thisisalulaa,,,ya,,,"234,7 rb",,thisisalulaa | Tokopedia & Shop Affiliate | atego | behind @Lumos’a | Affiliate Center | Business inquiry pls dm @itsghallz on ig | https://mycollection.shop… | Pesan kreator | Bantuan | Beranda,Rp1JT+,"45,42 rb","Rp71,5rb","Rp0-Rp88,7rb","0,01%","99,75%","Perawatan & Ke… 98,90%; Kesehatan 1,04%; Kartu produk 0,24%; Seller Center                                                                                                                                                                                                                                  ",50%,--,227,75,"Rp71,3rb",190,"2,86 rb","1,26%","Rp230,1rb",1,"44,46 rb","1,15%","24,19%","75,81%","36,70%","46,60%","10,80%","3,00%","2,90%",16 Agu 2026 - 15 Sep 2026,7494001508176725311,https://affiliate-id.tokopedia.com/affiliate/creator/detail?cid=7494001508176725311&pair_source=author_filter&enter_from=affiliate_find_creators&search_key=AvFrZiHRGNiUlFebZlhV2Y8DdxxdqihIyyX8dUrPkWA=&req_id=&query=&shop_region=ID&shop_id=7495839165477914693
kesehatan,tokobaru020 _ Tokopedia & Shop Affiliate.pdf,tokobaru020,Toko baru,6,ya,Belum ada rating,"Perawatan & Kec… , +2","10,5 rb",,Kolaborasi | rekomendasi keperluan kecantikan | Jelajahi kreator,"Rp551,8jt","7,99 rb","Rp4,4M","Rp78,3rb",,"99,98%","Perawatan & Ke… 99,87%; Kesehatan 0,12%; Kartu produk 0,02%; Lainnya 0,01%","90,72%",10%,88,23,"Rp4,5M",8,"1,31 rb","0,5%",Rp0,0,0,0%,"23,59%","76,41%","10,20%","42,60%","28,50%","13,10%","5,60%",16 Agu 2026 - 15 Sep 2026,7496154830080018517,https://affiliate-id.tokopedia.com/affiliate/creator/detail?cid=7496154830080018517&pair_source=author_filter&enter_from=affiliate_find_creators&search_key=qL8IEsej+ZuFOV7Onuk9MJ16FDc7Iu3LPdOszFgerAE=&req_id=&query=&shop_region=ID&shop_id=7495839165477914693
kesehatan,velouriqcos _ Tokopedia & Shop Affiliate.pdf,velouriqcos,,,ya,,,"6,9 rb",,"velouriqcos | Tokopedia & Shop Affiliate | , p | Affiliate Center | Pesan kreator | Bantuan",Rp773jt,"9,81 rb","Rp127,4rb","Rp83,2rb",,"99,99%","Perawatan & Ke… 98,07%; Makanan & Min… 1,07%; Kartu produk 0,01%; Kesehatan 0,65%; Seller Center                                                                                                                                                                                                            ",99%,7%,208,99,"Rp128,1rb",295,189,"0,57%",Rp0,0,0,0%,"26,94%","73,06%","9,90%","32,30%","26,60%","18,70%","12,50%",16 Agu 2026 - 15 Sep 2026,7495978594001979497,https://affiliate-id.tokopedia.com/affiliate/creator/detail?cid=7495978594001979497&pair_source=author_filter&enter_from=affiliate_find_creators&search_key=qL8IEsej+ZuFOV7Onuk9MJ16FDc7Iu3LPdOszFgerAE=&req_id=&query=&shop_region=ID&shop_id=7495839165477914693
kesehatan,vonvon_7 _ Tokopedia & Shop Affiliate.pdf,vonvon_7,,,ya,,,,,vonvon_7 | Tokopedia & Shop Affiliate | Affiliate Center | GMV per saluran penjualan | GMV berdasarkan kategori produk | Pesan kreator | Bantuan | Beranda,,,,,"82,47%","17,44%",,80%,--,405,89,"Rp43,9rb",155,"1,02 rb","1,58%","Rp1,3jt",27,"146,01 rb","292,35%","26,26%","73,74%","14,20%","43,50%","28,30%","10,50%","3,50%",16 Agu 2026 - 15 Sep 2026,7494004071153108004,https://affiliate-id.tokopedia.com/affiliate/creator/detail?cid=7494004071153108004&pair_source=author_filter&enter_from=affiliate_find_creators&search_key=AvFrZiHRGNiUlFebZlhV2Y8DdxxdqihIyyX8dUrPkWA=&req_id=&query=&shop_region=ID&shop_id=7495839165477914693
kesehatan,wdh__ _ Tokopedia & Shop Affiliate.pdf,wdh__,,,ya,Belum ada rating,"Perawatan & Kec… , +2","2,1 jt",CUANITY AFFILIATE PA…,Beranda | 𝒊𝒈 : 𝒘𝒊𝒅𝒚𝒂𝒅𝒘𝒊𝒉𝒂𝒓𝒅𝒊𝒂𝒏 | 𝒃𝒖𝒔𝒊𝒏𝒆𝒔𝒔 𝒊𝒏𝒒𝒖𝒊𝒓𝒊𝒆𝒔 𝑫𝑴 | Kolaborasi | Jelajahi kreator,Rp1JT+,"17,15 rb","Rp185,5rb","Rp177,5rb-Rp266,2rb","79,25%","20,47%","Perawatan & Ke… 92,13%; Kesehatan 7,79%; Makanan & Min… 0,06%; Kartu produk 0,28%; Lainnya 0,02%","94,69%",--,176,15,Rp41rb,328,"9,53 rb","0,89%",Rp822rb,91,"41,2 rb","3,98%","50,85%","49,15%","28,00%","48,10%","17,40%","4,60%","1,90%",16 Agu 2026 - 15 Sep 2026,7493991129672615302,https://affiliate-id.tokopedia.com/affiliate/creator/detail?cid=7493991129672615302&pair_source=author_filter&enter_from=affiliate_find_creators&search_key=qL8IEsej+ZuFOV7Onuk9MJ16FDc7Iu3LPdOszFgerAE=&req_id=&query=&shop_region=ID&shop_id=7495839165477914693
kesehatan,zfshopp.id _ Tokopedia & Shop Affiliate.pdf,zfshopp.id,ZFGlow,5,ya,Belum ada rating,"Perawatan & Kec… , +2","5,8 rb",,Reseller Skincare ✅ | Auto Glowing ✨,Rp1JT+,"6,07 rb","Rp198,1rb","Rp88,7rb-Rp177,4rb",,"100,00%","Perawatan & Ke… 99,92%; Ponsel & Elektro… 0,07%; Lainnya 0,01%",100%,--,117,59,"Rp192,2rb",200,268,"0,54%",Rp0,0,0,0%,"25,86%","74,14%","5,20%","22,80%","29,30%","27,50%","15,20%",16 Agu 2026 - 15 Sep 2026,7495683895870326979,https://affiliate-id.tokopedia.com/affiliate/creator/detail?cid=7495683895870326979&pair_source=author_filter&enter_from=affiliate_find_creators&search_key=0U9M0/WxbPFhneXOKhBAjP3UCHyRERbFXj7TnhusjMQ=&req_id=&query=&shop_region=ID&shop_id=7495839165477914693
perawatan kulit,Tokopedia & Shop Affiliate.pdf,skinbyzie,skinbyzie☘️,7,ya,Belum ada rating,"Perawatan & Kec… , +2","21,2 rb",Agensi Anak Bangsa,LIVE SETIAP HARI | ✨SKINCARE VIRAL & TIPS KULIT CERAH✨,"Rp1,3M","13,72 rb",Rp755rb,"Rp127,3rb","88,41%","11,53%","Perawatan & Ke… 100,00%; Kartu produk 0,06%",--,8%,219,11,"Rp131,2rb",263,752,"0,35%",Rp2jt,10,"48,62 rb","2,92%","38,67%","61,33%","14,10%","37,10%","22,20%","16,50%","10,10%",17 Agu 2026 - 16 Sep 2026,7495752103057918897,https://affiliate-id.tokopedia.com/affiliate/creator/detail?cid=7495752103057918897&pair_source=author_filter&enter_from=affiliate_find_creators&search_key=rKuve9ERp/vo0UTtV/TiPHxDSjfr78PbGGjKX2Yja6E=&req_id=&query=&shop_region=ID&shop_id=7495839165477914693
perawatan kulit,_ikhfinamlyy _ Tokopedia & Shop Affiliate.pdf,_ikhfinamlyy,,,ya,,,,,_ikhfinamlyy | Tokopedia & Shop Affiliate | Affiliate Center | GMV per saluran penjualan | GMV berdasarkan kategori produk | Pesan kreator | Bantuan | Beranda,,,,,"91,86%","8,03%",,"58,62%",10%,66,17,"Rp57,4rb",142,"3,78 rb","1,21%","Rp1,4jt",145,"53,38 rb","8,5%","17,33%","82,67%","26,70%","53,90%","13,90%","3,20%","2,30%",16 Agu 2026 - 15 Sep 2026,7494647706050594975,https://affiliate-id.tokopedia.com/affiliate/creator/detail?cid=7494647706050594975&pair_source=author_filter&enter_from=affiliate_find_creators&search_key=zje4FCROv9F2VI+e3TcUK5hExe3KmVtoBf5PQLqvQ5E=&req_id=&query=&shop_region=ID&shop_id=7495839165477914693
perawatan kulit,ainunfp3 _ Tokopedia & Shop Affiliate.pdf,ainunfp3,Ka Inunn💋,7,ya,Belum ada rating,"Perawatan & Kec… , +2","147,1 rb",,PC Endorse ; +6285693129077 | ‫الغالب إالباهلل‬ | LIVE EXC MAYBELLINE Everyday💄💋 | (Beauty Creator + Affiliator Beauty),Rp2M,"29,82 rb","Rp134,2rb",Rp76rb,"40,01%","59,95%","Perawatan & Ke… 99,99%; Lainnya 0,01%; Kartu produk 0,04%","72,38%","5,5%",207,49,"Rp84,9rb",421,"1,28 rb","0,69%",Rp841rb,68,"114,06 rb","2,35%","22,01%","77,99%","8,20%","42,20%","34,00%","11,70%","3,90%",17 Agu 2026 - 16 Sep 2026,7493998191548728374,https://affiliate-id.tokopedia.com/affiliate/creator/detail?cid=7493998191548728374&pair_source=author_filter&enter_from=affiliate_find_creators&search_key=ldSHIgCRfAHiah/CwBzU6YMmJpqwg+ovpn5iNf4SmeY=&req_id=&query=&shop_region=ID&shop_id=7495839165477914693
perawatan kulit,akuiviii _ Tokopedia & Shop Affiliate.pdf,akuiviii,Beauty with ivi💄,7,ya,Belum ada rating,"Perawatan & Kec… , +2","128,6 rb",Agensi Anak Bangsa,"For business dm 📩 | MasyaAllah TabarakAllah✨ | Review SKINCARE, BODYCARE & MAKE UP🧖🏻‍♀️💄 | ‼️CURI VIDEO DENDA‼️",Rp2M,"40,38 rb","Rp93,2rb","Rp55,4rb","3,41%","96,49%","Perawatan & Ke… 99,94%; Lainnya 0,03%; Tekstil & Soft Fu… 0,02%; Kartu produk 0,10%; Kesehatan 0,01%","99,03%","7,5%",486,57,"Rp90,8rb",972,759,"1,28%","Rp767,1rb",73,"94,52 rb","0,83%","26,16%","73,84%","18,50%","52,40%","21,30%","5,40%","2,40%",17 Agu 2026 - 16 Sep 2026,7494923463055346105,https://affiliate-id.tokopedia.com/affiliate/creator/detail?cid=7494923463055346105&pair_source=author_filter&enter_from=affiliate_find_creators&search_key=rKuve9ERp/vo0UTtV/TiPHxDSjfr78PbGGjKX2Yja6E=&req_id=&query=&shop_region=ID&shop_id=7495839165477914693
perawatan kulit,ameliiaaaa.s _ Tokopedia & Shop Affiliate.pdf,ameliiaaaa.s,ameliaaaa,7,ya,Belum ada rating,"Perawatan & Kec… , +2","33,8 rb",YUXI JAYATAMA,‼️LIVE SALE EVERYDAY‼️,"Rp1,2M","10,74 rb","Rp197,7rb","Rp128,4rb","59,41%","40,45%","Perawatan & Ke… 100,00%; Kartu produk 0,14%","77,44%",8%,172,32,"Rp87,2rb",150,"2,54 rb","0,87%","Rp1,4jt",175,"24,51 rb","2,52%","16,60%","83,40%","21,10%","50,80%","20,00%","5,80%","2,30%",17 Agu 2026 - 16 Sep 2026,7494905555668601429,https://affiliate-id.tokopedia.com/affiliate/creator/detail?cid=7494905555668601429&pair_source=author_filter&enter_from=affiliate_find_creators&search_key=rKuve9ERp/vo0UTtV/TiPHxDSjfr78PbGGjKX2Yja6E=&req_id=&query=&shop_region=ID&shop_id=7495839165477914693
perawatan kulit,ananda_firsty _ Tokopedia & Shop Affiliate.pdf,ananda_firsty,,,ya,,,,,ananda_firsty | Tokopedia & Shop Affiliate | Affiliate Center | GMV per saluran penjualan | GMV berdasarkan kategori produk | Pesan kreator | Bantuan | Beranda,,,,,,"99,97%",,"85,16%",6%,166,95,"Rp49,1rb",867,873,"0,7%","Rp83,3rb",1,"12,78 rb","12,65%","37,19%","62,81%","25,20%","49,00%","16,50%","5,40%","3,90%",16 Agu 2026 - 15 Sep 2026,7494040614228952895,https://affiliate-id.tokopedia.com/affiliate/creator/detail?cid=7494040614228952895&pair_source=author_filter&enter_from=affiliate_find_creators&search_key=zje4FCROv9F2VI+e3TcUK5hExe3KmVtoBf5PQLqvQ5E=&req_id=&query=&shop_region=ID&shop_id=7495839165477914693
perawatan kulit,andhitairianto _ Tokopedia & Shop Affiliate.pdf,andhitairianto,,,ya,,,,,andhitairianto | Tokopedia & Shop Affiliate | Affiliate Center | GMV per saluran penjualan | GMV berdasarkan kategori produk | Pesan kreator | Bantuan | Beranda,,,,,"93,61%","3,70%",,--,10%,149,30,"Rp49,1rb",327,"4,44 rb","2,36%",Rp3jt,8,"936,68 rb","80,79%","18,24%","81,76%","27,90%","52,00%","13,90%","3,50%","2,70%",16 Agu 2026 - 15 Sep 2026,7494002888596227532,https://affiliate-id.tokopedia.com/affiliate/creator/detail?cid=7494002888596227532&pair_source=author_filter&enter_from=affiliate_find_creators&search_key=zje4FCROv9F2VI+e3TcUK5hExe3KmVtoBf5PQLqvQ5E=&req_id=&query=&shop_region=ID&shop_id=7495839165477914693
perawatan kulit,andyraka _ Tokopedia & Shop Affiliate.pdf,andyraka,Andy Raka,7,ya,Belum ada rating,"Perawatan & Kec… , +2","1,6 jt",YUXI JAYATAMA,Tiktokers since 2017 | Business: Retha (0831-99419-366),"Rp2,4M","52,42 rb","Rp58,8rb","Rp50,6rb",,"99,72%","Perawatan & Ke… 96,08%; Kesehatan 2,86%; Kartu produk 0,28%; Lainnya 0,75%; Ponsel & Elektro… 0,31%","26,92%",8%,342,80,Rp59rb,145,"2,63 rb","0,87%",Rp0,0,16,"7,05%","18,70%","81,30%","44,90%","40,20%","8,70%","3,20%","3,00%",17 Agu 2026 - 16 Sep 2026,7493991509418738703,https://affiliate-id.tokopedia.com/affiliate/creator/detail?cid=7493991509418738703&pair_source=author_filter&enter_from=affiliate_find_creators&search_key=rKuve9ERp/vo0UTtV/TiPHxDSjfr78PbGGjKX2Yja6E=&req_id=&query=&shop_region=ID&shop_id=7495839165477914693
perawatan kulit,anggela_permatasari _ Tokopedia & Shop Affiliate.pdf,anggela_permatasari,,,ya,,,,,anggela_permatasari | Tokopedia & Shop Affiliate | Affiliate Center | GMV per saluran penjualan | GMV berdasarkan kategori produk | Pesan kreator | Bantuan | Beranda,,,,,"97,63%","0,04%",,--,"10,5%",13,1,"Rp14,4rb",37,"575,63 rb","4,58%","Rp1,6jt",18,"468,33 rb","17,31%","37,56%","62,44%","16,70%","50,20%","23,90%","6,10%","3,10%",16 Agu 2026 - 15 Sep 2026,7494381965555239645,https://affiliate-id.tokopedia.com/affiliate/creator/detail?cid=7494381965555239645&pair_source=author_filter&enter_from=affiliate_find_creators&search_key=zje4FCROv9F2VI+e3TcUK5hExe3KmVtoBf5PQLqvQ5E=&req_id=&query=&shop_region=ID&shop_id=7495839165477914693
perawatan kulit,anittamaryam _ Tokopedia & Shop Affiliate.pdf,anittamaryam,Pakar.Promo🎀,7,ya,Belum ada rating,"Perawatan & Kec… , +2","242,9 rb",,bussines inq? dm ig✨ | Promo ter-ambyar disini! | ‼️Ngambil video denda‼️ | 🎀MASYAALLAH🎀 | Seahub Media Indone… | https://www.instagram.c…,Rp1JT+,"56,03 rb","Rp44,1rb","Rp0-Rp88,7rb",,"99,98%","Perawatan & Ke… 99,99%; Kartu produk 0,02%; Lainnya 0,01%","97,39%",--,815,73,"Rp44,3rb",889,"2,5 rb","0,33%",Rp0,0,1,0%,"19,39%","80,61%","25,60%","49,20%","17,10%","5,50%","2,60%",17 Agu 2026 - 16 Sep 2026,7494003754587817315,https://affiliate-id.tokopedia.com/affiliate/creator/detail?cid=7494003754587817315&pair_source=author_filter&enter_from=affiliate_find_creators&search_key=rKuve9ERp/vo0UTtV/TiPHxDSjfr78PbGGjKX2Yja6E=&req_id=&query=&shop_region=ID&shop_id=7495839165477914693
perawatan kulit,apingkosmetikaa _ Tokopedia & Shop Affiliate.pdf,apingkosmetikaa,aapingg,7,ya,Belum ada rating,"Perawatan & Kec… , +2","35,4 rb",,Skincare Promo🤩 | Live setiap hari 🥳🥳 | Jangan curi video plissss🙏🏻 | Demi kebaikan bersama🙏🏻,Rp1JT+,"22,69 rb","Rp68,3rb","Rp0-Rp88,7rb","7,34%","92,61%","Perawatan & Ke… 99,95%; Kesehatan 0,03%; Koper & Tas 0,01%; Kartu produk 0,05%; Lainnya 0,01%","93,15%",--,193,14,"Rp64,4rb",587,608,"0,61%",Rp1jt,63,"138,98 rb","2,03%","26,66%","73,34%","19,80%","46,40%","22,80%","7,60%","3,40%",17 Agu 2026 - 16 Sep 2026,7494051289966677079,https://affiliate-id.tokopedia.com/affiliate/creator/detail?cid=7494051289966677079&pair_source=author_filter&enter_from=affiliate_find_creators&search_key=ldSHIgCRfAHiah/CwBzU6YMmJpqwg+ovpn5iNf4SmeY=&req_id=&query=&shop_region=ID&shop_id=7495839165477914693
perawatan kulit,arsykhumairah27 _ Tokopedia & Shop Affiliate.pdf,arsykhumairah27,Olin,7,ya,5.0,"Perawatan & Kec… , +2","312,7 rb",AVW Agency,Bismillah | Semua produk original yaa 🥰 | ‼️Yang maling vidio denda 100jt & masuk neraka ‼️,"Rp1,9M","32,19 rb","Rp80,5rb","Rp61,3rb","1,87%","98,11%","Perawatan & Ke… 99,74%; Pakaian & Dala… 0,13%; Kesehatan 0,07%; Kartu produk 0,02%; Lainnya 0,06%","94,06%","6,45%",297,118,"Rp79,1rb","1,07 rb",506,"0,64%","Rp294,1rb",30,"197,53 rb","0,6%","25,75%","74,25%","10,70%","37,80%","28,90%","15,20%","7,40%",17 Agu 2026 - 16 Sep 2026,7494077221765481820,https://affiliate-id.tokopedia.com/affiliate/creator/detail?cid=7494077221765481820&pair_source=author_filter&enter_from=affiliate_find_creators&search_key=rKuve9ERp/vo0UTtV/TiPHxDSjfr78PbGGjKX2Yja6E=&req_id=&query=&shop_region=ID&shop_id=7495839165477914693
perawatan kulit,ayumie_yulia _ Tokopedia & Shop Affiliate.pdf,ayumie_yulia,Ayumie Yulia🦋,7,ya,Belum ada rating,"Perawatan & Kec… , +2","78,4 rb",,🦋🎀Personal care & Beauty🎀🦋 | Curi vidio tuntut di akherat ‼️,Rp2M,"42,04 rb","Rp89,2rb","Rp51,5rb",,"99,89%","Perawatan & Ke… 98,93%; Aksesori Pakaian 1,00%; Kartu produk 0,11%; Ibu & Bayi 0,05%; Lainnya 0,02%","88,51%","6,5%",226,56,"Rp89,6rb",510,882,"0,68%",--,0,1,0%,"18,70%","81,30%","12,40%","49,00%","26,60%","8,60%","3,40%",17 Agu 2026 - 16 Sep 2026,7493999186430756025,https://affiliate-id.tokopedia.com/affiliate/creator/detail?cid=7493999186430756025&pair_source=author_filter&enter_from=affiliate_find_creators&search_key=rKuve9ERp/vo0UTtV/TiPHxDSjfr78PbGGjKX2Yja6E=&req_id=&query=&shop_region=ID&shop_id=7495839165477914693
perawatan kulit,ayuutwhyn _ Tokopedia & Shop Affiliate.pdf,ayuutwhyn,,,ya,,,,,ayuutwhyn | Tokopedia & Shop Affiliate | Affiliate Center | GMV per saluran penjualan | GMV berdasarkan kategori produk | Pesan kreator | Bantuan | Beranda,,,,,"91,66%","7,43%",,0%,--,54,2,"Rp107,9rb",35,"10,4 rb","2,67%",Rp3jt,26,"315,54 rb","48,58%","20,38%","79,62%","29,00%","51,00%","13,40%","3,20%","3,40%",16 Agu 2026 - 15 Sep 2026,7494028500132791428,https://affiliate-id.tokopedia.com/affiliate/creator/detail?cid=7494028500132791428&pair_source=author_filter&enter_from=affiliate_find_creators&search_key=zje4FCROv9F2VI+e3TcUK5hExe3KmVtoBf5PQLqvQ5E=&req_id=&query=&shop_region=ID&shop_id=7495839165477914693
perawatan kulit,beliicia _ Tokopedia & Shop Affiliate.pdf,beliicia,beliicia,7,ya,Belum ada rating,"Perawatan & Kec… , +2","155,8 rb",,💌CP: 081342171772 (Andrew) | 📍SBY | Gbuu! | https://msha.ke/beliicia,Rp1JT+,"40,47 rb","Rp28,5rb","Rp0-Rp88,7rb",,"99,97%","Perawatan & Ke… 99,71%; Makanan & Min… 0,16%; Kartu produk 0,03%; Kesehatan 0,08%; Lainnya 0,05%","68,25%",--,521,118,"Rp28,3rb",128,"55,51 rb","1,83%",Rp0,0,0,0%,"28,40%","71,60%","33,50%","41,80%","14,70%","5,60%","4,40%",16 Agu 2026 - 15 Sep 2026,7494003842096202764,https://affiliate-id.tokopedia.com/affiliate/creator/detail?cid=7494003842096202764&pair_source=author_filter&enter_from=affiliate_find_creators&search_key=3eSXBbJO7vfoY85/D1r8tuFrKcREU+dqRRwuF+hriGc=&req_id=&query=&shop_region=ID&shop_id=7495839165477914693
perawatan kulit,bellashofie_rigan _ Tokopedia & Shop Affiliate.pdf,bellashofie_rigan,BELLA SHOFIE DABE BEAUTE,7,ya,Belum ada rating,"Perawatan & Kec… , +2","3,9 jt",FYC,CHECKOUT HANYA DI TAG MALL: dabebeaute.id | DAFTAR AFFILIATE DABE👇🏻 | https://docs.google.com/…,Rp1JT+,"89,31 rb","Rp312,3rb","Rp88,7rb-Rp177,4rb",,,,--,--,193,2,Rp45rb,181,"135,76 rb","3,62%","Rp665,4rb",107,"177,95 rb","585,34%",,20%,,,,,,16 Agu 2026 - 15 Sep 2026,7493998172165277242,https://affiliate-id.tokopedia.com/affiliate/creator/detail?cid=7493998172165277242&pair_source=author_filter&enter_from=affiliate_find_creators&search_key=3eSXBbJO7vfoY85/D1r8tuFrKcREU+dqRRwuF+hriGc=&req_id=&query=&shop_region=ID&shop_id=7495839165477914693
perawatan kulit,bundafaris35 _ Tokopedia & Shop Affiliate.pdf,bundafaris35,Bunda faris,7,ya,Belum ada rating,"Perawatan & Kec… , +2","184,4 rb",,Owner @FARIS SKINCER | Pemesanan : 0822.6447.0676 | Admin : 085.383.621.485 | akun owner ke 2 @Owner Faris skincare,Rp1JT+,"29,78 rb","Rp1,5jt","Rp177,4rb-Rp266rb","97,97%","1,32%","Perawatan & Ke… 100,00%; Kartu produk 0,71%",--,--,43,0,"Rp61,6rb",111,"5,7 rb","5,75%","Rp2,3jt",91,"50,45 rb","21,33%","61,28%","38,72%","7,60%","30,80%","33,10%","20,60%","7,90%",17 Agu 2026 - 16 Sep 2026,7494342880350472940,https://affiliate-id.tokopedia.com/affiliate/creator/detail?cid=7494342880350472940&pair_source=author_filter&enter_from=affiliate_find_creators&search_key=ldSHIgCRfAHiah/CwBzU6YMmJpqwg+ovpn5iNf4SmeY=&req_id=&query=&shop_region=ID&shop_id=7495839165477914693
perawatan kulit,cecevirna _ Tokopedia & Shop Affiliate.pdf,cecevirna,Virnaghin | CATOKAN HAIRCARE,7,ya,Belum ada rating,"Perawatan & Kec… , +2","360,6 rb",WEI.ID,✨LIVE CATOKAN SETIAP HARI | BALIK CURLY LAGI | Bussines 0877-4900-1456,"Rp2,1M","16,76 rb","Rp482,8rb","Rp138,5rb","95,92%","3,40%","Perawatan & Ke… 100,00%; Kartu produk 0,68%",80%,7%,78,23,"Rp82,6rb",108,9,"1,95%",Rp588rb,108,"170,41 rb","6,37%","13,68%","86,32%","15,90%","50,20%","24,40%","6,70%","2,80%",17 Agu 2026 - 16 Sep 2026,7493992488929363716,https://affiliate-id.tokopedia.com/affiliate/creator/detail?cid=7493992488929363716&pair_source=author_filter&enter_from=affiliate_find_creators&search_key=rKuve9ERp/vo0UTtV/TiPHxDSjfr78PbGGjKX2Yja6E=&req_id=&query=&shop_region=ID&shop_id=7495839165477914693
perawatan kulit,cutetastic_ _ Tokopedia & Shop Affiliate.pdf,cutetastic_,MERI✮⋆˙💋KOLEKTOR LIPPIES,7,ya,Belum ada rating,"Perawatan & Kec… , +2",107 rb,YUXI JAYATAMA,SUKA NGESPILL APA AJA💓 | CURI VIDEO? HARAM REZEKINYA‼️ | Businesses Inquires: 0877 6811 1617 | Sec acc: @Meri ୨ৎ,Rp1JT+,"78,29 rb","Rp55,3rb","Rp0-Rp88,7rb",,"99,95%","Perawatan & Ke… 99,00%; Koper & Tas 0,51%; Kartu produk 0,05%; Fashion Muslim 0,37%; Lainnya 0,12%","96,29%",--,506,82,"Rp55,9rb",309,"2,21 rb","1,78%",Rp0,0,1,0%,"17,79%","82,21%","35,50%","46,50%","11,30%","3,50%","3,20%",17 Agu 2026 - 16 Sep 2026,7495109407025498645,https://affiliate-id.tokopedia.com/affiliate/creator/detail?cid=7495109407025498645&pair_source=author_filter&enter_from=affiliate_find_creators&search_key=rKuve9ERp/vo0UTtV/TiPHxDSjfr78PbGGjKX2Yja6E=&req_id=&query=&shop_region=ID&shop_id=7495839165477914693
perawatan kulit,davienaskincare.haiga _ Tokopedia & Shop Affiliate.pdf,davienaskincare.haiga,DAVIENASKINCAREJAWA,7,ya,Belum ada rating,"Perawatan & Kec… , +2",735 rb,,"""LEADER DAVIENA SKINCARE"" | @HAIGA SOVIA | open reseller | affiliator | Global Media Agency","Rp1,6M","20,19 rb","Rp221,2rb","Rp97,3rb","74,12%","20,33%","Perawatan & Ke… 100,00%; Kartu produk 5,55%",100%,"8,49%",90,3,"Rp65,8rb",119,19 rb,"2,7%","Rp660,7rb",286,"77,15 rb","24,84%","20,56%","79,44%",,,"15,30%","3,70%","3,20%",16 Agu 2026 - 15 Sep 2026,7494895043631418194,https://affiliate-id.tokopedia.com/affiliate/creator/detail?cid=7494895043631418194&pair_source=author_filter&enter_from=affiliate_find_creators&search_key=3eSXBbJO7vfoY85/D1r8tuFrKcREU+dqRRwuF+hriGc=&req_id=&query=&shop_region=ID&shop_id=7495839165477914693
perawatan kulit,davienaskincarestore.ayu _ Tokopedia & Shop Affiliate.pdf,davienaskincarestore.ayu,DAVIENA SKINCARE AYU,7,ya,Belum ada rating,"Perawatan & Kec… , +2","411,8 rb",,"JOIN LIVE SETIAP HARI 🕕""06.00-24.00""🕐 | DISTRIBUTOR DAVIENA SKINCARE | By.@Aprilia Ayu ♥️ | OPEN 1000 RESELLER:085692211295📲 | shopee.co.id/davienaskin…",Rp1JT+,"9,7 rb","Rp1,3jt","Rp177,4rb-Rp266rb","91,93%","4,30%","Perawatan & Ke… 100,00%; Kartu produk 3,77%",50%,--,93,8,"Rp115,4rb",105,"7,7 rb","1,69%","Rp2,5jt",30,"134,56 rb","10,98%","18,97%","81,03%","26,30%","51,00%","16,50%","3,60%","2,60%",16 Agu 2026 - 15 Sep 2026,7494691312075770471,https://affiliate-id.tokopedia.com/affiliate/creator/detail?cid=7494691312075770471&pair_source=author_filter&enter_from=affiliate_find_creators&search_key=3eSXBbJO7vfoY85/D1r8tuFrKcREU+dqRRwuF+hriGc=&req_id=&query=&shop_region=ID&shop_id=7495839165477914693
perawatan kulit,deaputfi _ Tokopedia & Shop Affiliate.pdf,deaputfi,OWNER BEAUTHINC,6,ya,Belum ada rating,"Perawatan & Kec… , +2",813 rb,,admin OWNER: 082195667706 | @Beauthinc.id,"Rp1,2M","17,76 rb","Rp1,5jt","Rp148,5rb","96,17%","2,46%","Perawatan & Ke… 91,39%; Kesehatan 8,60%; Kartu produk 1,37%; Lainnya 0,01%",--,"9,99%",58,1,"Rp145,9rb",26,"59,84 rb","1,84%",Rp2jt,14,"221,62 rb","81,47%","18,75%","81,25%","23,40%","50,50%","19,30%","4,60%","2,20%",17 Agu 2026 - 16 Sep 2026,7494002371253536516,https://affiliate-id.tokopedia.com/affiliate/creator/detail?cid=7494002371253536516&pair_source=author_filter&enter_from=affiliate_find_creators&search_key=ldSHIgCRfAHiah/CwBzU6YMmJpqwg+ovpn5iNf4SmeY=&req_id=&query=&shop_region=ID&shop_id=7495839165477914693
perawatan kulit,dedehwne_ _ Tokopedia & Shop Affiliate.pdf,dedehwne_,,,ya,,,,,dedehwne_ | Tokopedia & Shop Affiliate | Affiliate Center | GMV per saluran penjualan | GMV berdasarkan kategori produk | Pesan kreator | Bantuan | Beranda,,,,,"98,39%","1,45%",,"64,7%",10%,88,65,"Rp43,9rb",87,"4,86 rb","2,11%","Rp1,4jt",118,"33,8 rb","19,42%","17,27%","82,73%","26,80%","53,80%","13,90%","3,10%","2,40%",16 Agu 2026 - 15 Sep 2026,7495972938617686865,https://affiliate-id.tokopedia.com/affiliate/creator/detail?cid=7495972938617686865&pair_source=author_filter&enter_from=affiliate_find_creators&search_key=zje4FCROv9F2VI+e3TcUK5hExe3KmVtoBf5PQLqvQ5E=&req_id=&query=&shop_region=ID&shop_id=7495839165477914693
perawatan kulit,dergans15 _ Tokopedia & Shop Affiliate.pdf,dergans15,Belajar Skinker 🚀,7,ya,Belum ada rating,"Perawatan & Kec… , +2",226 rb,YUXI JAYATAMA,Bahas Skincare Pria 🚀 | Skinkeran tipis2 biar ga buriq bro 🗣️ | #LOGANTENGLOAMAN! | https://www.instagram.c…,"Rp2,2M","46,57 rb","Rp53,1rb","Rp54,2rb",,"99,80%","Perawatan & Ke… 99,94%; Kesehatan 0,05%; Kartu produk 0,20%; Lainnya 0,01%","85,41%","6,66%",851,88,"Rp53,6rb",360,"1,26 rb","0,81%","Rp25,6jt",0,1,0%,"78,66%","21,34%","43,50%","40,70%","8,80%","3,30%","3,70%",17 Agu 2026 - 16 Sep 2026,7493990341332730944,https://affiliate-id.tokopedia.com/affiliate/creator/detail?cid=7493990341332730944&pair_source=author_filter&enter_from=affiliate_find_creators&search_key=rKuve9ERp/vo0UTtV/TiPHxDSjfr78PbGGjKX2Yja6E=&req_id=&query=&shop_region=ID&shop_id=7495839165477914693
perawatan kulit,dilanjaniyar _ Tokopedia & Shop Affiliate.pdf,dilanjaniyar,Dilan Janiyar,7,ya,Belum ada rating,"Perawatan & Kec… , +2","3,5 jt",FYC,Aku juga @Dilan Janiyar_2 | Anak ku @Hayza Annarou | Lipcream ku @Girl's Therapy,Rp1JT+,"18,5 rb","Rp493,6rb","Rp88,7rb-Rp177,4rb","94,58%","4,80%","Perawatan & Ke… 92,05%; Ibu & Bayi 6,86%; Kesehatan 1,07%; Kartu produk 0,62%; Lainnya 0,02%",0%,--,269,38,"Rp57,9rb",35,"92,08 rb","9,46%","Rp778,6rb",37,"561,68 rb","4,44%","29,82%","70,18%","36,90%","49,50%","9,30%","2,30%","2,00%",16 Agu 2026 - 15 Sep 2026,7493989972655506768,https://affiliate-id.tokopedia.com/affiliate/creator/detail?cid=7493989972655506768&pair_source=author_filter&enter_from=affiliate_find_creators&search_key=zje4FCROv9F2VI+e3TcUK5hExe3KmVtoBf5PQLqvQ5E=&req_id=&query=&shop_region=ID&shop_id=7495839165477914693
perawatan kulit,diskonpaydaysale _ Tokopedia & Shop Affiliate.pdf,diskonpaydaysale,,,ya,,,,,diskonpaydaysale | Tokopedia & Shop Affiliate | Affiliate Center | GMV per saluran penjualan | GMV berdasarkan kategori produk | Pesan kreator | Bantuan | Beranda,,,,,"95,40%","4,54%",,100%,10%,68,23,"Rp51,8rb",547,658,"1,08%","Rp1,7jt",202,"13,56 rb","13,51%","18,30%","81,70%","28,00%","51,90%","14,10%","3,50%","2,50%",16 Agu 2026 - 15 Sep 2026,7496118060327668379,https://affiliate-id.tokopedia.com/affiliate/creator/detail?cid=7496118060327668379&pair_source=author_filter&enter_from=affiliate_find_creators&search_key=zje4FCROv9F2VI+e3TcUK5hExe3KmVtoBf5PQLqvQ5E=&req_id=&query=&shop_region=ID&shop_id=7495839165477914693
perawatan kulit,dr.okypratamaa_kedua _ Tokopedia & Shop Affiliate.pdf,dr.okypratamaa_kedua,dr.okypratamaa_kedua,7,ya,Belum ada rating,"Perawatan & Kec… , +2",3 jt,ONE LINK MEDIA,Akun Kedua | Akun Utama @Dr. Oky Pratama REAL | Bening’s Group,"Rp1,6M","26,79 rb","Rp1,3jt","Rp149,1rb","97,21%","0,20%","Perawatan & Ke… 99,61%; Ibu & Bayi 0,21%; Kartu produk 2,59%; Lainnya 0,13%; Mainan & Hobi 0,05%",0%,"9,99%",134,3,"Rp15,3rb",44,"95,46 rb","4,5%","Rp1,6jt",28,"116,28 rb","12,79%","23,58%","76,42%","20,20%","49,70%","21,20%","6,10%","2,80%",17 Agu 2026 - 16 Sep 2026,7494656806930122819,https://affiliate-id.tokopedia.com/affiliate/creator/detail?cid=7494656806930122819&pair_source=author_filter&enter_from=affiliate_find_creators&search_key=rKuve9ERp/vo0UTtV/TiPHxDSjfr78PbGGjKX2Yja6E=&req_id=&query=&shop_region=ID&shop_id=7495839165477914693
perawatan kulit,ebbybuljo _ Tokopedia & Shop Affiliate.pdf,ebbybuljo,Ebbybuljo,7,ya,Belum ada rating,"Perawatan & Kec… , +2","22,8 rb",,Member of @pluk pluk management | AKUN KE 2 @ebbybulejowo,"Rp1,2M","42,7 rb","Rp55,8rb","Rp34,4rb",,"99,69%","Perawatan & Ke… 99,60%; Perlengkapan R… 0,25%; Kartu produk 0,31%; Aksesori Pakaian 0,08%; Lainnya 0,07%","66,66%","8,75%",72,6,"Rp55,4rb",263,"2,83 rb","1,84%",Rp0,0,0,0%,"28,32%","71,68%","24,20%","46,70%","17,70%","6,80%","4,60%",17 Agu 2026 - 16 Sep 2026,7496058489895750541,https://affiliate-id.tokopedia.com/affiliate/creator/detail?cid=7496058489895750541&pair_source=author_filter&enter_from=affiliate_find_creators&search_key=rKuve9ERp/vo0UTtV/TiPHxDSjfr78PbGGjKX2Yja6E=&req_id=&query=&shop_region=ID&shop_id=7495839165477914693
perawatan kulit,fasyaanandaaa _ Tokopedia & Shop Affiliate.pdf,fasyaanandaaa,,,ya,,,,,fasyaanandaaa | Tokopedia & Shop Affiliate | Affiliate Center | GMV per saluran penjualan | GMV berdasarkan kategori produk | Pesan kreator | Bantuan | Beranda,,,,,"83,85%","16,02%",,"69,79%",10%,75,15,"Rp68,9rb",139,"12,47 rb","1,13%","Rp2,3jt",128,"100,24 rb","11,23%","19,05%","80,95%","25,30%","52,30%","15,50%","4,20%","2,70%",16 Agu 2026 - 15 Sep 2026,7493992321377993744,https://affiliate-id.tokopedia.com/affiliate/creator/detail?cid=7493992321377993744&pair_source=author_filter&enter_from=affiliate_find_creators&search_key=SbS/Jl9A9c1HM816NoeCS217tV+i6rmW8r9vOJlS0tI=&req_id=&query=&shop_region=ID&shop_id=7495839165477914693
perawatan kulit,feraazkya _ Tokopedia & Shop Affiliate.pdf,feraazkya,Fera Azkya,7,ya,Belum ada rating,"Perawatan & Kec… , +2","94,7 rb",,RACUN KOSMETIK MURAH | Live setiap hari 🔴 | CURI VIDEO DENDA 100jt !!!,"Rp3,7M","106,68 rb","Rp78,7rb",Rp38rb,"0,35%","99,65%","Perawatan & Ke… 100,00%","81,25%","6,75%",221,26,"Rp78,6rb",364,"1,25 rb","0,47%","Rp506,7rb",20,"80,65 rb","0,67%","21,95%","78,05%","9,40%","44,30%","29,90%","12,00%","4,40%",17 Agu 2026 - 16 Sep 2026,7495498441353562788,https://affiliate-id.tokopedia.com/affiliate/creator/detail?cid=7495498441353562788&pair_source=author_filter&enter_from=affiliate_find_creators&search_key=rKuve9ERp/vo0UTtV/TiPHxDSjfr78PbGGjKX2Yja6E=&req_id=&query=&shop_region=ID&shop_id=7495839165477914693
perawatan kulit,galerihumaira16 _ Tokopedia & Shop Affiliate.pdf,galerihumaira16,Humaira zahra,7,ya,Belum ada rating,"Perawatan & Kec… , +2","13,8 rb",YUXI JAYATAMA,Masyalloh tabaroqalloh 😇 | Rekomendasi skincare Bpom 🥰 | !! Curi video denda !!,"Rp1,3M","15,42 rb","Rp50,2rb",Rp86rb,,"99,92%","Perawatan & Ke… 100,00%; Kartu produk 0,08%",100%,"5,88%",246,12,"Rp50,6rb",195,555,"0,4%",Rp0,0,41,0%,"21,61%","78,39%","14,90%","47,10%","26,80%","7,90%","3,30%",17 Agu 2026 - 16 Sep 2026,7495580303080197017,https://affiliate-id.tokopedia.com/affiliate/creator/detail?cid=7495580303080197017&pair_source=author_filter&enter_from=affiliate_find_creators&search_key=ldSHIgCRfAHiah/CwBzU6YMmJpqwg+ovpn5iNf4SmeY=&req_id=&query=&shop_region=ID&shop_id=7495839165477914693
perawatan kulit,getmeplease_ _ Tokopedia & Shop Affiliate.pdf,getmeplease_,Getmepleasee,7,ya,Belum ada rating,"Perawatan & Kec… , +2","85,3 rb",,"My Skincare ""Adleeva Skincare"" ✨💗 | CO HARGA AMBYAR DILIVE‼️💸 | Ig : putririyaan | Spall spill product👇🏻","Rp1,8M","19,64 rb","Rp134,1rb","Rp99,2rb","12,37%","87,41%","Perawatan & Ke… 99,41%; Kesehatan 0,53%; Ponsel & Elektro… 0,03%; Kartu produk 0,22%; Lainnya 0,03%",25%,7%,174,17,"Rp118,5rb",163,917,"1,12%","Rp1,9jt",33,"111,67 rb","40,03%","20,04%","79,96%","30,20%","55,20%","10,70%","2,10%","1,80%",17 Agu 2026 - 16 Sep 2026,7493996638730880833,https://affiliate-id.tokopedia.com/affiliate/creator/detail?cid=7493996638730880833&pair_source=author_filter&enter_from=affiliate_find_creators&search_key=rKuve9ERp/vo0UTtV/TiPHxDSjfr78PbGGjKX2Yja6E=&req_id=&query=&shop_region=ID&shop_id=7495839165477914693
perawatan kulit,gilangafif_ _ Tokopedia & Shop Affiliate.pdf,gilangafif_,Gilang Afif,7,ya,Belum ada rating,"Perawatan & Kec… , +2","24,9 rb",YUXI JAYATAMA,CP : 081332943254 | mas mas pekerja lapang yang berusaha rawat tubuh | Ganteng gak harus Cakep 😎,"Rp1,9M","52,78 rb","Rp108,2rb","Rp38,1rb",,"99,99%","Perawatan & Ke… 99,96%; Lainnya 0,02%; Kartu produk 0,01%; Pakaian & Dala… 0,02%","99,17%","9,5%",121,38,"Rp106,9rb",144,841,"0,65%",Rp0,0,2,0%,"40,78%","59,22%","11,60%","31,50%","27,00%","18,60%","11,30%",16 Agu 2026 - 15 Sep 2026,7495950501893343585,https://affiliate-id.tokopedia.com/affiliate/creator/detail?cid=7495950501893343585&pair_source=author_filter&enter_from=affiliate_find_creators&search_key=3eSXBbJO7vfoY85/D1r8tuFrKcREU+dqRRwuF+hriGc=&req_id=&query=&shop_region=ID&shop_id=7495839165477914693
perawatan kulit,glad2glow_bodyserum _ Tokopedia & Shop Affiliate.pdf,glad2glow_bodyserum,,,ya,,,,,glad2glow_bodyserum | Tokopedia & Shop Affiliate | Affiliate Center | GMV per saluran penjualan | GMV berdasarkan kategori produk | Pesan kreator | Bantuan | Beranda,,,,,"94,91%","4,69%",,--,--,231,1,"Rp9,7rb",239,"6,36 rb","0,29%","Rp1,7jt",34,"36,26 rb","0,54%","22,20%","77,80%","13,20%","50,40%","27,70%","6,30%","2,40%",16 Agu 2026 - 15 Sep 2026,7496059769325980474,https://affiliate-id.tokopedia.com/affiliate/creator/detail?cid=7496059769325980474&pair_source=author_filter&enter_from=affiliate_find_creators&search_key=zje4FCROv9F2VI+e3TcUK5hExe3KmVtoBf5PQLqvQ5E=&req_id=&query=&shop_region=ID&shop_id=7495839165477914693
perawatan kulit,hennyluvyu _ Tokopedia & Shop Affiliate.pdf,hennyluvyu,Mbak Henny,7,ya,Belum ada rating,"Perawatan & Kec… , +2","207,2 rb",,SKINCARE BODYCARE 🌻 | ORDER DI KERANJANG ‼️ | Endorsement‼️dm😎,Rp1JT+,"47,04 rb","Rp77,5rb","Rp0-Rp88,7rb",,"99,69%","Perawatan & Ke… 99,99%; Kartu produk 0,31%; Lainnya 0,01%","97,54%",--,119,15,"Rp78,3rb",149,"1,16 rb","0,7%",Rp0,0,1,0%,"22,16%","77,84%","10,80%","43,70%","28,00%","12,00%","5,50%",17 Agu 2026 - 16 Sep 2026,7494876822213069276,https://affiliate-id.tokopedia.com/affiliate/creator/detail?cid=7494876822213069276&pair_source=author_filter&enter_from=affiliate_find_creators&search_key=ldSHIgCRfAHiah/CwBzU6YMmJpqwg+ovpn5iNf4SmeY=&req_id=&query=&shop_region=ID&shop_id=7495839165477914693
perawatan kulit,iindrayoni _ Tokopedia & Shop Affiliate.pdf,iindrayoni,,,ya,,,,,iindrayoni | Tokopedia & Shop Affiliate | Affiliate Center | GMV per saluran penjualan | GMV berdasarkan kategori produk | Pesan kreator | Bantuan | Beranda,,,,,"98,45%","0,39%",,--,--,292,0,"Rp19,4rb",111,"18,67 rb","4,98%","Rp852,3rb",133,"387,56 rb","8,46%","52,27%","47,73%","12,50%","41,90%","27,60%","12,20%","5,80%",16 Agu 2026 - 15 Sep 2026,7494001240388633893,https://affiliate-id.tokopedia.com/affiliate/creator/detail?cid=7494001240388633893&pair_source=author_filter&enter_from=affiliate_find_creators&search_key=zje4FCROv9F2VI+e3TcUK5hExe3KmVtoBf5PQLqvQ5E=&req_id=&query=&shop_region=ID&shop_id=7495839165477914693
perawatan kulit,iketiaaa _ Tokopedia & Shop Affiliate.pdf,iketiaaa,Iketiaaa,7,ya,Belum ada rating,"Perawatan & Kec… , +2",40 rb,,Hi🌷pejuang glow up kumpul sini! | ‼️CURI VIDEO DENDA 200JT‼️ | https://www.instagram.c…,Rp1JT+,"27,44 rb","Rp138,1rb","Rp0-Rp88,7rb","0,09%","99,75%","Perawatan & Ke… 99,64%; Fashion Muslim 0,17%; Kartu produk 0,16%; Kesehatan 0,15%; Lainnya 0,04%","97,53%",--,185,47,"Rp137,4rb",446,"1,05 rb","1,87%","Rp1,3jt",3,"18,94 rb","15,94%","19,89%","80,11%",,,"15,40%","4,60%","3,20%",16 Agu 2026 - 15 Sep 2026,7494000813274531015,https://affiliate-id.tokopedia.com/affiliate/creator/detail?cid=7494000813274531015&pair_source=author_filter&enter_from=affiliate_find_creators&search_key=3eSXBbJO7vfoY85/D1r8tuFrKcREU+dqRRwuF+hriGc=&req_id=&query=&shop_region=ID&shop_id=7495839165477914693
perawatan kulit,indrisaf1611 _ Tokopedia & Shop Affiliate.pdf,indrisaf1611,Barbiejowo09,7,ya,.,"Perawatan & Kec… , +2",2 jt,,BA @refliskin.id | selain akun ini lainya akunfake!! | BWX-PDN🤍 | Join DISTRIBUTOR/RESSELER DM TIKTOK❤️,"Rp1,8M","26,62 rb","Rp335,3rb","Rp91,7rb","95,07%","4,93%","Perawatan & Ke… 99,65%; Kesehatan 0,19%; Makanan & Min… 0,14%; Lainnya 0,02%",--,"8,5%",73,4,"Rp51,4rb",71,"199,21 rb","3,04%","Rp462,7rb",79,"164,88 rb","29,31%","55,98%","44,02%","27,50%","52,30%","15,50%","3,00%","1,70%",17 Agu 2026 - 16 Sep 2026,7493997390854259742,https://affiliate-id.tokopedia.com/affiliate/creator/detail?cid=7493997390854259742&pair_source=author_filter&enter_from=affiliate_find_creators&search_key=ldSHIgCRfAHiah/CwBzU6YMmJpqwg+ovpn5iNf4SmeY=&req_id=&query=&shop_region=ID&shop_id=7495839165477914693
perawatan kulit,iqissyy___ _ Tokopedia & Shop Affiliate.pdf,iqissyy___,Glow with Me🍒💝,7,ya,Belum ada rating,"Perawatan & Kec… , +2","148,5 rb",YUXI JAYATAMA,‼️LIVE PROMO SETIAP HARI 24JAM NON STOP‼️ | 📩 FULL❌ close endorse sampai oktober🤍,"Rp2,4M","45,16 rb","Rp72,9rb","Rp56,2rb","8,46%","91,42%","Perawatan & Ke… 99,64%; Lainnya 0,16%; Koper & Tas 0,13%; Kartu produk 0,12%; Furnitur 0,07%","91,45%","6,54%",276,32,"Rp68,1rb","1,03 rb",930,"0,44%","Rp467,4rb",214,"49,65 rb","0,96%","21,51%","78,49%","14,50%","49,40%","26,40%","6,90%","2,80%",16 Agu 2026 - 15 Sep 2026,7494003997960406417,https://affiliate-id.tokopedia.com/affiliate/creator/detail?cid=7494003997960406417&pair_source=author_filter&enter_from=affiliate_find_creators&search_key=3eSXBbJO7vfoY85/D1r8tuFrKcREU+dqRRwuF+hriGc=&req_id=&query=&shop_region=ID&shop_id=7495839165477914693
perawatan kulit,jojoandclaire _ Tokopedia & Shop Affiliate.pdf,jojoandclaire,jo & claire ˚⟡˖ ࣪,7,ya,Belum ada rating,"Perawatan & Kec… , +2","25,3 rb",,ugc-style creator | cp: +6287813125005 | ig: @jonathanlienardo & @claireptrcia,"Rp2,1M","62,86 rb","Rp41,8rb","Rp37,8rb","0,83%","99,14%","Perawatan & Ke… 94,92%; Kesehatan 4,31%; Lainnya 0,42%; Kartu produk 0,03%; Makanan & Min… 0,35%","91,89%","7,5%",97,55,"Rp41,2rb",115,"5,39 rb","1,39%","Rp978,6rb",1,"354,02 rb","0,48%","30,54%","69,46%","29,20%","44,50%","16,60%","5,90%","3,80%",16 Agu 2026 - 15 Sep 2026,7493998008716003056,https://affiliate-id.tokopedia.com/affiliate/creator/detail?cid=7493998008716003056&pair_source=author_filter&enter_from=affiliate_find_creators&search_key=zje4FCROv9F2VI+e3TcUK5hExe3KmVtoBf5PQLqvQ5E=&req_id=&query=&shop_region=ID&shop_id=7495839165477914693
perawatan kulit,jokray90 _ Tokopedia & Shop Affiliate.pdf,jokray90,Gabriella🐝,7,ya,Belum ada rating,"Perawatan & Kec… , +2","7,4 rb",,Info promo haircare 🛒🛍️ | Admin sibuk😋🖐🏻🐝 | Curi video denda 1jt/video,"Rp1,5M","14,28 rb","Rp66,5rb","Rp109,2rb",,"99,95%","Perawatan & Ke… 89,94%; Perlengkapan R… 9,97%; Kartu produk 0,05%; Tekstil & Soft Fu… 0,07%; Lainnya 0,02%","92,59%",12%,206,18,"Rp66,4rb",264,"1,49 rb","0,31%",Rp0,0,0,0%,"28,12%","71,88%","15,00%","45,90%","23,00%","10,10%","6,00%",16 Agu 2026 - 15 Sep 2026,7494677768444021031,https://affiliate-id.tokopedia.com/affiliate/creator/detail?cid=7494677768444021031&pair_source=author_filter&enter_from=affiliate_find_creators&search_key=3eSXBbJO7vfoY85/D1r8tuFrKcREU+dqRRwuF+hriGc=&req_id=&query=&shop_region=ID&shop_id=7495839165477914693
perawatan kulit,kismissreisha _ Tokopedia & Shop Affiliate.pdf,kismissreisha,Reisha Novandita,7,ya,Belum ada rating,"Perawatan & Kec… , +2",1 jt,CUANITY AFFILIATE PA…,✨travel enthusiast | @Noera By Reisha | JOIN AFFILIATE NOERA👇🏻 | https://linktr.ee/noerabyr…,Rp1JT+,"6,86 rb","Rp1,6jt","Rp266rb-Rp354,7rb","97,87%","0,40%","Perawatan & Ke… 69,38%; Kesehatan 30,52%; Kartu produk 1,73%; Lainnya 0,06%; Makanan & Min… 0,04%",--,--,166,2,Rp10rb,88,"3,87 rb","0,52%","Rp4,7jt",14,"111,13 rb","14,48%","45,71%","54,29%","27,20%","51,00%","17,20%","2,80%","1,80%",17 Agu 2026 - 16 Sep 2026,7494300786012555349,https://affiliate-id.tokopedia.com/affiliate/creator/detail?cid=7494300786012555349&pair_source=author_filter&enter_from=affiliate_find_creators&search_key=ldSHIgCRfAHiah/CwBzU6YMmJpqwg+ovpn5iNf4SmeY=&req_id=&query=&shop_region=ID&shop_id=7495839165477914693
perawatan kulit,larissagrosir01 _ Tokopedia & Shop Affiliate.pdf,larissagrosir01,Larissagrosir1,7,ya,5.0,"Perawatan & Kec… , +2","729,1 rb",YUXI JAYATAMA,Surabaya | Yuk berteman di ig | Trina harmawan,Rp1JT+,"121,95 rb","Rp81,9rb","Rp0-Rp88,7rb","1,35%","98,63%","Perawatan & Ke… 90,13%; Pakaian Anak 3,82%; Ibu & Bayi 3,31%; Kartu produk 0,02%; Lainnya 2,74%","76,66%",--,979,170,"Rp81,1rb",359,"1,1 rb","0,52%","Rp495,6rb",47,"339,4 rb","0,26%","35,31%","64,69%","8,80%","36,10%","30,70%","17,00%","7,40%",17 Agu 2026 - 16 Sep 2026,7494685509502733119,https://affiliate-id.tokopedia.com/affiliate/creator/detail?cid=7494685509502733119&pair_source=author_filter&enter_from=affiliate_find_creators&search_key=ldSHIgCRfAHiah/CwBzU6YMmJpqwg+ovpn5iNf4SmeY=&req_id=&query=&shop_region=ID&shop_id=7495839165477914693
perawatan kulit,letssgloow _ Tokopedia & Shop Affiliate.pdf,letssgloow,Aranxa Reyna,7,ya,Belum ada rating,"Perawatan & Kec… , +2","18,4 rb",CCWAVE INDONESIA,🌼✨‼️racun skincare and makeup! | ❌ Dilarang Curi Konten!,Rp1JT+,"43,86 rb","Rp63,3rb","Rp0-Rp88,7rb","13,79%","86,19%","Perawatan & Ke… 98,61%; Kesehatan 1,31%; Komputer & Per… 0,06%; Kartu produk 0,02%; Lainnya 0,02%","98,43%",--,486,58,"Rp55,1rb","1,71 rb",384,"0,5%","Rp2,1jt",94,"90,81 rb","1,05%","20,35%","79,65%","28,50%","47,90%","14,70%","4,90%","4,00%",17 Agu 2026 - 16 Sep 2026,7494766045333063700,https://affiliate-id.tokopedia.com/affiliate/creator/detail?cid=7494766045333063700&pair_source=author_filter&enter_from=affiliate_find_creators&search_key=ldSHIgCRfAHiah/CwBzU6YMmJpqwg+ovpn5iNf4SmeY=&req_id=&query=&shop_region=ID&shop_id=7495839165477914693
perawatan kulit,liamasitohdianti _ Tokopedia & Shop Affiliate.pdf,liamasitohdianti,liamasitohdianti,7,ya,Belum ada rating,"Perawatan & Kec… , +2","10,7 rb",ALERA CORP.,allahumasolingalasayidinamuhammad 🤍Affiliate | top🥇 CAN BEAUTY 🖤✨,"Rp2,2M","16,55 rb","Rp110,8rb","Rp143,8rb","1,60%","96,40%","Perawatan & Ke… 99,92%; Pakaian & Dala… 0,03%; Kartu produk 2,00%; Lainnya 0,03%; Kesehatan 0,02%",100%,6%,51,16,Rp110rb,861,698,"0,73%","Rp3,3jt",2,"63,05 rb","2,66%","21,39%","78,61%","16,10%","63,00%","17,30%","2,20%","1,40%",17 Agu 2026 - 16 Sep 2026,7493996900058367531,https://affiliate-id.tokopedia.com/affiliate/creator/detail?cid=7493996900058367531&pair_source=author_filter&enter_from=affiliate_find_creators&search_key=rKuve9ERp/vo0UTtV/TiPHxDSjfr78PbGGjKX2Yja6E=&req_id=&query=&shop_region=ID&shop_id=7495839165477914693
perawatan kulit,lintangggdwn _ Tokopedia & Shop Affiliate.pdf,lintangggdwn,Lintangg🌷,7,ya,4.0,"Perawatan & Kec… , +2",26 rb,,beautycare | fashion | daily life🎀 | Review Bdycre Murah Tp Berkualitas | Endorsement Dm💌 | ig : lintangdwndaru,"Rp1,8M","45,31 rb","Rp67,4rb","Rp44,4rb",,"99,94%","Perawatan & Ke… 95,81%; Kesehatan 3,90%; Kartu produk 0,06%; Makanan & Min… 0,26%; Lainnya 0,03%","98,65%","7,5%",125,34,"Rp67,4rb",390,758,"1,2%",Rp0,0,0,0%,"59,76%","40,24%",,,"13,80%","3,40%","2,80%",16 Agu 2026 - 15 Sep 2026,7495210605816023485,https://affiliate-id.tokopedia.com/affiliate/creator/detail?cid=7495210605816023485&pair_source=author_filter&enter_from=affiliate_find_creators&search_key=3eSXBbJO7vfoY85/D1r8tuFrKcREU+dqRRwuF+hriGc=&req_id=&query=&shop_region=ID&shop_id=7495839165477914693
perawatan kulit,liyaarasyaaa _ Tokopedia & Shop Affiliate.pdf,liyaarasyaaa,liyaarasyaaa,7,ya,Belum ada rating,"Perawatan & Kec… , +2","3,7 jt",Feat Agency,follow ig : liyaarasyaa | Endorsement: dm ig,"Rp1,6M","15,56 rb","Rp264,3rb","Rp124,5rb","91,28%","7,41%","Perawatan & Ke… 99,14%; Makanan & Min… 0,66%; Kesehatan 0,16%; Kartu produk 1,31%; Lainnya 0,04%","91,3%","7,5%",125,80,"Rp44,3rb",102,"38,62 rb","2,11%","Rp463,3rb",38,"407,3 rb","106,98%","39,15%","60,85%","35,10%","44,70%","13,90%","3,90%","2,40%",17 Agu 2026 - 16 Sep 2026,7494028351384225432,https://affiliate-id.tokopedia.com/affiliate/creator/detail?cid=7494028351384225432&pair_source=author_filter&enter_from=affiliate_find_creators&search_key=ldSHIgCRfAHiah/CwBzU6YMmJpqwg+ovpn5iNf4SmeY=&req_id=&query=&shop_region=ID&shop_id=7495839165477914693
perawatan kulit,lovelyikrmh _ Tokopedia & Shop Affiliate.pdf,lovelyikrmh,,,ya,,,,,lovelyikrmh | Tokopedia & Shop Affiliate | Affiliate Center | GMV per saluran penjualan | GMV berdasarkan kategori produk | Pesan kreator | Bantuan | Beranda,,,,,,"100,00%",,"81,33%",--,403,65,"Rp77,6rb",353,"1,23 rb","0,32%",Rp0,0,0,0%,"21,86%","78,14%","24,10%","44,60%","19,80%","7,80%","3,70%",16 Agu 2026 - 15 Sep 2026,7495541654218705336,https://affiliate-id.tokopedia.com/affiliate/creator/detail?cid=7495541654218705336&pair_source=author_filter&enter_from=affiliate_find_creators&search_key=zje4FCROv9F2VI+e3TcUK5hExe3KmVtoBf5PQLqvQ5E=&req_id=&query=&shop_region=ID&shop_id=7495839165477914693
perawatan kulit,maharanikemala _ Tokopedia & Shop Affiliate.pdf,maharanikemala,maharani kemala,7,ya,Belum ada rating,"Perawatan & Kec… , +2","4,1 jt",Nobi Project,MK SKIN @MK SKIN OFFICIAL | https://linktr.ee/mkskinof…,Rp1JT+,"95,68 rb","Rp73,7rb","Rp0-Rp88,7rb","37,63%","55,92%","Perawatan & Ke… 100,00%; Kartu produk 6,45%",50%,--,303,5,"Rp46,1rb",121,"240,18 rb","4,17%","Rp900,4rb",21,"751,72 rb","166,56%","29,66%","70,34%","21,70%","51,40%","19,60%","5,00%","2,30%",17 Agu 2026 - 16 Sep 2026,7493993524473267306,https://affiliate-id.tokopedia.com/affiliate/creator/detail?cid=7493993524473267306&pair_source=author_filter&enter_from=affiliate_find_creators&search_key=ldSHIgCRfAHiah/CwBzU6YMmJpqwg+ovpn5iNf4SmeY=&req_id=&query=&shop_region=ID&shop_id=7495839165477914693
perawatan kulit,melvinahusyanti96 _ Tokopedia & Shop Affiliate.pdf,melvinahusyanti96,,,ya,,,,,melvinahusyanti96 | Tokopedia & Shop Affiliate | Affiliate Center | GMV per saluran penjualan | GMV berdasarkan kategori produk | Pesan kreator | Bantuan | Beranda,,,,,"84,54%","3,09%",,--,--,42,2,"Rp92,5rb",96,"90,02 rb","5,32%",Rp2jt,10,"4,81 jt","69,9%","25,42%","74,58%","27,30%","49,20%","16,30%","4,20%","3,00%",16 Agu 2026 - 15 Sep 2026,7494668825275828643,https://affiliate-id.tokopedia.com/affiliate/creator/detail?cid=7494668825275828643&pair_source=author_filter&enter_from=affiliate_find_creators&search_key=zje4FCROv9F2VI+e3TcUK5hExe3KmVtoBf5PQLqvQ5E=&req_id=&query=&shop_region=ID&shop_id=7495839165477914693
perawatan kulit,miikaylahafizah _ Tokopedia & Shop Affiliate.pdf,miikaylahafizah,key🌻,7,ya,Belum ada rating,"Perawatan & Kec… , +2",85 rb,YUXI JAYATAMA,CREATOR BEAUTY 🧖🏼‍♀️ | DILARANG CURI VIDIO ⚠️‼️,Rp1JT+,"48,19 rb","Rp48,8rb","Rp0-Rp88,7rb",,"99,99%","Perawatan & Ke… 99,98%; Kartu produk 0,01%; Lainnya 0,02%","55,26%",--,174,31,"Rp48,6rb",61,"2,01 rb","0,44%",Rp0,0,1,0%,"31,40%","68,60%","22,50%","51,20%","18,80%","5,10%","2,40%",16 Agu 2026 - 15 Sep 2026,7494039024128853376,https://affiliate-id.tokopedia.com/affiliate/creator/detail?cid=7494039024128853376&pair_source=author_filter&enter_from=affiliate_find_creators&search_key=3eSXBbJO7vfoY85/D1r8tuFrKcREU+dqRRwuF+hriGc=&req_id=&query=&shop_region=ID&shop_id=7495839165477914693
perawatan kulit,mosseru.indo _ Tokopedia & Shop Affiliate.pdf,mosseru.indo,Mosseru Bodywash,6,ya,Belum ada rating,"Perawatan & Kec… , +2","63,3 rb",,Mosseru Acne Showergel 🧼 | Samarin jerawat aktif di badan! | Salicylic Acid • Zinc PCA • Sulfur,Rp1JT+,"12,23 rb","Rp127,2rb","Rp88,7rb-Rp177,4rb","0,63%","95,90%","Perawatan & Ke… 99,97%; Kartu produk 3,47%; Lainnya 0,03%",--,--,40,3,"Rp126,3rb",20,"9,92 rb","0,84%","Rp3,2jt",6,"32,91 rb","0,85%","22,11%","77,89%","28,40%","44,80%","18,10%","5,70%","3,00%",17 Agu 2026 - 16 Sep 2026,7496099112546503295,https://affiliate-id.tokopedia.com/affiliate/creator/detail?cid=7496099112546503295&pair_source=author_filter&enter_from=affiliate_find_creators&search_key=ldSHIgCRfAHiah/CwBzU6YMmJpqwg+ovpn5iNf4SmeY=&req_id=&query=&shop_region=ID&shop_id=7495839165477914693
perawatan kulit,nabellaolivia _ Tokopedia & Shop Affiliate.pdf,nabellaolivia,,,ya,,,,,nabellaolivia | Tokopedia & Shop Affiliate | Affiliate Center | GMV per saluran penjualan | GMV berdasarkan kategori produk | Pesan kreator | Bantuan | Beranda,,,,,"95,75%","4,20%",,92%,--,227,30,"Rp189,5rb",168,"3,89 rb","1,06%","Rp3,2jt",83,"11,65 rb","23,99%","17,06%","82,94%","18,80%","55,30%","19,50%","4,40%","2,00%",16 Agu 2026 - 15 Sep 2026,7494000301158925559,https://affiliate-id.tokopedia.com/affiliate/creator/detail?cid=7494000301158925559&pair_source=author_filter&enter_from=affiliate_find_creators&search_key=zje4FCROv9F2VI+e3TcUK5hExe3KmVtoBf5PQLqvQ5E=&req_id=&query=&shop_region=ID&shop_id=7495839165477914693
perawatan kulit,nabiliana _ Tokopedia & Shop Affiliate.pdf,nabiliana,IG: nabilianaa,7,ya,1.0,"Perawatan & Kec… , +2","374,1 rb",Agensi Anak Bangsa,BEAUTY | Suka Live & Review | HARGA AMBYAR KHUSUS DI LIVE | CATET ! 06:00-malem⚡ | https://www.instagram.c…,"Rp1,6M","23,43 rb","Rp305,4rb","Rp85,3rb","67,35%","32,54%","Perawatan & Ke… 99,87%; Ibu & Bayi 0,08%; Lainnya 0,03%; Kartu produk 0,11%; Pakaian & Dala… 0,02%","98,1%","7,84%",259,44,Rp114rb,45,"5,82 rb","0,26%","Rp1,7jt",29,"44,61 rb","3,31%","21,89%","78,11%","32,30%","50,40%","12,90%","3,00%","1,40%",17 Agu 2026 - 16 Sep 2026,7493990524623816323,https://affiliate-id.tokopedia.com/affiliate/creator/detail?cid=7493990524623816323&pair_source=author_filter&enter_from=affiliate_find_creators&search_key=rKuve9ERp/vo0UTtV/TiPHxDSjfr78PbGGjKX2Yja6E=&req_id=&query=&shop_region=ID&shop_id=7495839165477914693
perawatan kulit,nadasadira14 _ Tokopedia & Shop Affiliate.pdf,nadasadira14,Nada sadira,7,ya,Belum ada rating,"Perawatan & Kec… , +2","82,7 rb",YUXI JAYATAMA,rekomendasi skincare 💅🏻 | ✨Allhummabarik✨ | ‼️Dilarang curi vidio‼️,"Rp1,2M","19,14 rb",Rp74rb,"Rp70,9rb",,"99,97%","Perawatan & Ke… 99,84%; Ibu & Bayi 0,15%; Kartu produk 0,03%; Lainnya 0,01%","97,24%","4,99%",274,39,"Rp74,3rb",336,853,"0,35%",Rp0,0,1,0%,"21,79%","78,21%","16,00%","42,30%","23,50%","11,60%","6,60%",16 Agu 2026 - 15 Sep 2026,7494003529791866433,https://affiliate-id.tokopedia.com/affiliate/creator/detail?cid=7494003529791866433&pair_source=author_filter&enter_from=affiliate_find_creators&search_key=3eSXBbJO7vfoY85/D1r8tuFrKcREU+dqRRwuF+hriGc=&req_id=&query=&shop_region=ID&shop_id=7495839165477914693
perawatan kulit,nazwahidayat_real _ Tokopedia & Shop Affiliate.pdf,nazwahidayat_real,nazwahidayat,7,ya,Belum ada rating,"Perawatan & Kec… , +2","297,3 rb",AVW Agency,BEAUTY CREATOR | AKUN REAL HANYA INI SAJA | ❌SELAIN INI BUKAN AKU❌ | ‼️CURI VIDEO DENDA 100JT‼️ | Bussines inq DM💌,Rp4M,"59,46 rb",Rp96rb,"Rp71,5rb","5,38%","94,53%","Perawatan & Ke… 99,96%; Kesehatan 0,03%; Kartu produk 0,09%; Lainnya 0,01%","52,77%","7,5%",272,55,"Rp90,3rb",247,"1,38 rb","0,6%","Rp868,5rb",74,"220,56 rb","0,71%","24,31%","75,69%","9,30%","34,20%","29,20%","17,80%","9,50%",17 Agu 2026 - 16 Sep 2026,7494505502134143519,https://affiliate-id.tokopedia.com/affiliate/creator/detail?cid=7494505502134143519&pair_source=author_filter&enter_from=affiliate_find_creators&search_key=rKuve9ERp/vo0UTtV/TiPHxDSjfr78PbGGjKX2Yja6E=&req_id=&query=&shop_region=ID&shop_id=7495839165477914693
perawatan kulit,nengsrirahayu27 _ Tokopedia & Shop Affiliate.pdf,nengsrirahayu27,nengsrirahayu27🦋,7,ya,4.0,"Perawatan & Kec… , +2","34,9 rb",Victory Media,Rekomendasi Produk Hits Setiktokraya ✨ | Curi Video denda ‼️,"Rp1,2M","27,27 rb","Rp99,3rb","Rp50,1rb","15,53%","84,36%","Perawatan & Ke… 98,68%; Pakaian & Dala… 0,61%; Ponsel & Elektro… 0,48%; Kartu produk 0,11%; Lainnya 0,23%","78,8%",10%,233,69,"Rp85,4rb",266,5,"0,68%","Rp712,3rb",124,"40,56 rb","2,37%","25,53%","74,47%","13,30%","46,00%","26,60%","10,40%","3,70%",17 Agu 2026 - 16 Sep 2026,7493996539367949359,https://affiliate-id.tokopedia.com/affiliate/creator/detail?cid=7493996539367949359&pair_source=author_filter&enter_from=affiliate_find_creators&search_key=rKuve9ERp/vo0UTtV/TiPHxDSjfr78PbGGjKX2Yja6E=&req_id=&query=&shop_region=ID&shop_id=7495839165477914693
perawatan kulit,nnadhiifa _ Tokopedia & Shop Affiliate.pdf,nnadhiifa,,,ya,,,,,nnadhiifa | Tokopedia & Shop Affiliate | Affiliate Center | GMV per saluran penjualan | GMV berdasarkan kategori produk | Pesan kreator | Bantuan | Beranda,,,,,"91,05%","8,83%",,"73,75%",10%,71,19,"Rp72,4rb",29,"6,38 rb","1,24%","Rp1,4jt",23,"185,74 rb","13,95%","16,75%","83,25%","28,60%","52,20%","13,20%","3,40%","2,60%",16 Agu 2026 - 15 Sep 2026,7495983697848338539,https://affiliate-id.tokopedia.com/affiliate/creator/detail?cid=7495983697848338539&pair_source=author_filter&enter_from=affiliate_find_creators&search_key=SbS/Jl9A9c1HM816NoeCS217tV+i6rmW8r9vOJlS0tI=&req_id=&query=&shop_region=ID&shop_id=7495839165477914693
perawatan kulit,opyhandikaa _ Tokopedia & Shop Affiliate.pdf,opyhandikaa,Owner Gloglowing,7,ya,Belum ada rating,"Perawatan & Kec… , +2","1,8 jt",,@gloglowingofficial_ | @GLOGLOWING AESTHETIC (5 CBG ) | @D’modern kost Indramayu | https://gloglowingskincar…,"Rp4,1M","25,25 rb","Rp2,1jt","Rp262,6rb","89,95%",,"Perawatan & Ke… 99,80%; Pakaian & Dala… 0,12%; Kartu produk 10,05%; Lainnya 0,05%; Koper & Tas 0,03%",--,"7,75%",213,0,Rp0,340,5,"5,42%","Rp2,1jt",75,"82,44 rb","8,56%","33,24%","66,76%","35,60%","45,20%","12,90%","3,00%","3,30%",17 Agu 2026 - 16 Sep 2026,7493994369906214427,https://affiliate-id.tokopedia.com/affiliate/creator/detail?cid=7493994369906214427&pair_source=author_filter&enter_from=affiliate_find_creators&search_key=rKuve9ERp/vo0UTtV/TiPHxDSjfr78PbGGjKX2Yja6E=&req_id=&query=&shop_region=ID&shop_id=7495839165477914693
perawatan kulit,payy______sya _ Tokopedia & Shop Affiliate.pdf,payy______sya,salmiaw🧖🏻‍♀️,7,ya,Belum ada rating,"Perawatan & Kec… , +2","317,8 rb",Agensi Anak Bangsa,KAK SPILL BODYCARE?🧖🏻‍♀️ | BA @glowsichaofficial | CURI VT DENDA 100jt | https://aboutme.style/pay…,Rp1JT+,"95,16 rb","Rp70,4rb","Rp0-Rp88,7rb","0,01%","99,63%","Perawatan & Ke… 98,72%; Kesehatan 0,58%; Kartu produk 0,36%; Lainnya 0,53%; Aksesori Pakaian 0,17%","68,65%",--,342,84,"Rp69,6rb",147,"6,64 rb","1,73%",--,0,1,0%,"61,20%","38,80%","35,60%","48,30%","10,80%","3,00%","2,30%",17 Agu 2026 - 16 Sep 2026,7493993684735919108,https://affiliate-id.tokopedia.com/affiliate/creator/detail?cid=7493993684735919108&pair_source=author_filter&enter_from=affiliate_find_creators&search_key=ldSHIgCRfAHiah/CwBzU6YMmJpqwg+ovpn5iNf4SmeY=&req_id=&query=&shop_region=ID&shop_id=7495839165477914693
perawatan kulit,pilihan_netizen.id _ Tokopedia & Shop Affiliate.pdf,pilihan_netizen.id,ProdukNgehits,7,ya,Belum ada rating,"Perawatan & Kec… , +2","18,2 rb",,Tempatnya produk viral & trending ✨ | Auto | checkout kalau cocok 😍 | Makasih udah support,"Rp2,5M","74,17 rb","Rp53,3rb","Rp38,1rb",,"99,95%","Perawatan & Ke… 86,67%; Pakaian & Dala… 12,10%; Kartu produk 0,05%; Koper & Tas 1,04%; Lainnya 0,19%",75%,"8,26%",96,21,"Rp52,7rb",187,238,"1,26%",Rp0,0,0,0%,"23,58%","76,42%","25,40%","41,70%","19,80%","8,10%","5,00%",17 Agu 2026 - 16 Sep 2026,7495012777825503621,https://affiliate-id.tokopedia.com/affiliate/creator/detail?cid=7495012777825503621&pair_source=author_filter&enter_from=affiliate_find_creators&search_key=ldSHIgCRfAHiah/CwBzU6YMmJpqwg+ovpn5iNf4SmeY=&req_id=&query=&shop_region=ID&shop_id=7495839165477914693
perawatan kulit,popobarbie_pb _ Tokopedia & Shop Affiliate.pdf,popobarbie_pb,Popo 🐍🐦🍄,7,ya,5.0,"Perawatan & Kec… , +2","2,9 jt",,Endorse / kerjasama DM 📩,"Rp1,1M","23,36 rb","Rp69,3rb","Rp58,7rb","75,78%","23,12%","Perawatan & Ke… 98,04%; Lainnya 0,85%; Kartu produk 1,10%; Aksesori Pakaian 0,40%",100%,7%,113,49,Rp33rb,"1,21 rb","23,13 rb","1,7%","Rp103,3rb",139,"354,24 rb","1,78%","48,16%","51,84%","25,30%","36,50%","19,60%","10,70%","7,90%",17 Agu 2026 - 16 Sep 2026,7493989986804466909,https://affiliate-id.tokopedia.com/affiliate/creator/detail?cid=7493989986804466909&pair_source=author_filter&enter_from=affiliate_find_creators&search_key=ldSHIgCRfAHiah/CwBzU6YMmJpqwg+ovpn5iNf4SmeY=&req_id=&query=&shop_region=ID&shop_id=7495839165477914693
perawatan kulit,pretty.withcaa _ Tokopedia & Shop Affiliate.pdf,pretty.withcaa,pretty.withcaa,7,ya,Belum ada rating,"Perawatan & Kec… , +2","214,7 rb",YUXI JAYATAMA,‼️ LIVE SETIAP HARI ‼️ | Skincare & Beauty | Cek Showcase,"Rp1,4M","13,18 rb","Rp610,2rb","Rp124,3rb","84,35%","15,62%","Perawatan & Ke… 99,57%; Ibu & Bayi 0,42%; Kartu produk 0,03%; Lainnya 0,01%","94,23%","8,5%",320,20,"Rp136,6rb",624,438,"4,79%","Rp1,7jt",37,"109,79 rb","1,09%","21,74%","78,26%","17,50%","54,10%","22,00%","4,30%","2,10%",17 Agu 2026 - 16 Sep 2026,7493990926438270871,https://affiliate-id.tokopedia.com/affiliate/creator/detail?cid=7493990926438270871&pair_source=author_filter&enter_from=affiliate_find_creators&search_key=ldSHIgCRfAHiah/CwBzU6YMmJpqwg+ovpn5iNf4SmeY=&req_id=&query=&shop_region=ID&shop_id=7495839165477914693
perawatan kulit,priskilakaylaa _ Tokopedia & Shop Affiliate.pdf,priskilakaylaa,,,ya,,,,,priskilakaylaa | Tokopedia & Shop Affiliate | Affiliate Center | GMV per saluran penjualan | GMV berdasarkan kategori produk | Pesan kreator | Bantuan | Beranda,,,,,,"99,97%",,"79,41%",--,104,47,"Rp48,8rb",364,"4,86 rb","0,9%",Rp0,0,0,0%,"24,28%","75,72%","33,70%","48,20%","12,10%","2,90%","3,10%",16 Agu 2026 - 15 Sep 2026,7493998043365148003,https://affiliate-id.tokopedia.com/affiliate/creator/detail?cid=7493998043365148003&pair_source=author_filter&enter_from=affiliate_find_creators&search_key=zje4FCROv9F2VI+e3TcUK5hExe3KmVtoBf5PQLqvQ5E=&req_id=&query=&shop_region=ID&shop_id=7495839165477914693
perawatan kulit,prodakgenzi _ Tokopedia & Shop Affiliate.pdf,prodakgenzi,Budakgenzi,7,ya,Belum ada rating,"Perawatan & Kec… , +2","4,4 rb",,Sepil bulumata Yang recommend,"Rp1,2M","41,08 rb","Rp79,1rb","Rp38,8rb",,"99,97%","Perawatan & Ke… 100,00%; Kartu produk 0,03%","96,69%","7,5%",153,8,"Rp79,7rb",558,812,"0,45%",Rp0,0,0,0%,"30,68%","69,32%","26,70%","44,40%","19,10%","7,00%","2,80%",17 Agu 2026 - 16 Sep 2026,7494060834279622338,https://affiliate-id.tokopedia.com/affiliate/creator/detail?cid=7494060834279622338&pair_source=author_filter&enter_from=affiliate_find_creators&search_key=rKuve9ERp/vo0UTtV/TiPHxDSjfr78PbGGjKX2Yja6E=&req_id=&query=&shop_region=ID&shop_id=7495839165477914693
perawatan kulit,pukisscomel _ Tokopedia & Shop Affiliate.pdf,pukisscomel,Pukisscomel,7,ya,Belum ada rating,"Perawatan & Kec… , +2","52,4 rb",,Babu @Mengilang | ⬇️⬇️TOKREN⬇️⬇️ | https://s.shopee.co.id/7K…,"Rp2,4M","7,78 rb","Rp4,4jt","Rp837,7rb","99,89%","0,10%","Perawatan & Ke… 100,00%; Kartu produk 0,01%",--,"4,85%",74,28,"Rp9,8rb",29,"3,38 rb","0,82%","Rp7,5jt",180,"4,63 rb","3,95%","75,32%","24,68%","29,90%","47,20%","13,80%","4,60%","4,50%",17 Agu 2026 - 16 Sep 2026,7494073637776360468,https://affiliate-id.tokopedia.com/affiliate/creator/detail?cid=7494073637776360468&pair_source=author_filter&enter_from=affiliate_find_creators&search_key=ldSHIgCRfAHiah/CwBzU6YMmJpqwg+ovpn5iNf4SmeY=&req_id=&query=&shop_region=ID&shop_id=7495839165477914693
perawatan kulit,punyashanumm _ Tokopedia & Shop Affiliate.pdf,punyashanumm,Shanum 🌻,7,ya,...,"Perawatan & Kec… , +2","80,5 rb",Agensi Anak Bangsa,Hello... | Lifestyle & Beauty Creator ☁️ | Skincare • Fashion • Daily vlog | Let’s work together ✨ | Open collaboration 💌,"Rp1,6M","20,47 rb","Rp145,4rb","Rp84,1rb",,"99,96%","Perawatan & Ke… 99,85%; Fashion Muslim 0,10%; Kartu produk 0,04%; Pakaian & Dala… 0,04%; Lainnya 0,01%",100%,"6,54%",155,27,"Rp145,9rb",177,"4,88 rb","0,53%",Rp0,0,0,0%,"75,94%","24,06%","9,40%","48,80%","26,30%","10,20%","5,30%",17 Agu 2026 - 16 Sep 2026,7496236079411071649,https://affiliate-id.tokopedia.com/affiliate/creator/detail?cid=7496236079411071649&pair_source=author_filter&enter_from=affiliate_find_creators&search_key=rKuve9ERp/vo0UTtV/TiPHxDSjfr78PbGGjKX2Yja6E=&req_id=&query=&shop_region=ID&shop_id=7495839165477914693
perawatan kulit,racunhana _ Tokopedia & Shop Affiliate.pdf,racunhana,,,ya,,,,,racunhana | Tokopedia & Shop Affiliate | Affiliate Center | GMV per saluran penjualan | GMV berdasarkan kategori produk | Pesan kreator | Bantuan | Beranda,,,,,"99,65%","0,31%",,100%,10%,69,12,"Rp60,3rb",100,486,"5,68%","Rp2,1jt",313,"33,73 rb","1,67%","17,69%","82,31%","29,50%","50,80%","13,20%","3,40%","3,10%",16 Agu 2026 - 15 Sep 2026,7496156545649314800,https://affiliate-id.tokopedia.com/affiliate/creator/detail?cid=7496156545649314800&pair_source=author_filter&enter_from=affiliate_find_creators&search_key=zje4FCROv9F2VI+e3TcUK5hExe3KmVtoBf5PQLqvQ5E=&req_id=&query=&shop_region=ID&shop_id=7495839165477914693
perawatan kulit,ratih_ra1 _ Tokopedia & Shop Affiliate.pdf,ratih_ra1,Ratih🦋,7,ya,1.0,"Perawatan & Kec… , +2","171,5 rb",,BISMILLAH ✨🤍 | BELI DI KERANJANG KUNING | ⤵️⤵️⤵️,"Rp1,3M","29,02 rb","Rp74,4rb","Rp48,6rb",,"99,94%","Perawatan & Ke… 99,92%; Makanan & Min… 0,05%; Kartu produk 0,06%; Lainnya 0,02%; Pakaian & Dala… 0,01%","87,77%","8,49%",117,31,"Rp74,4rb",177,"1,05 rb","0,61%",Rp0,0,0,0%,"22,27%","77,73%","14,10%","47,40%","25,40%","9,20%","3,90%",17 Agu 2026 - 16 Sep 2026,7494000524222497883,https://affiliate-id.tokopedia.com/affiliate/creator/detail?cid=7494000524222497883&pair_source=author_filter&enter_from=affiliate_find_creators&search_key=rKuve9ERp/vo0UTtV/TiPHxDSjfr78PbGGjKX2Yja6E=&req_id=&query=&shop_region=ID&shop_id=7495839165477914693
perawatan kulit,ratna038871 _ Tokopedia & Shop Affiliate.pdf,ratna038871,Kadek,7,ya,Belum ada rating,"Perawatan & Kec… , +2",452 rb,,❤️ akun kedua ku ya,"Rp3,9M","38,38 rb","Rp1,5jt","Rp205,6rb","99,00%","0,53%","Perawatan & Ke… 92,22%; Pakaian & Dala… 7,76%; Kartu produk 0,47%; Lainnya 0,02%",0%,10%,206,10,"Rp38,9rb",64,"49,41 rb","4,46%","Rp1,8jt",32,205 rb,"44,39%","45,23%","54,77%","8,50%","39,60%","32,60%","13,40%","5,90%",17 Agu 2026 - 16 Sep 2026,7496232081509288589,https://affiliate-id.tokopedia.com/affiliate/creator/detail?cid=7496232081509288589&pair_source=author_filter&enter_from=affiliate_find_creators&search_key=rKuve9ERp/vo0UTtV/TiPHxDSjfr78PbGGjKX2Yja6E=&req_id=&query=&shop_region=ID&shop_id=7495839165477914693
perawatan kulit,review_skincarebysin _ Tokopedia & Shop Affiliate.pdf,review_skincarebysin,Review Skincare✨,7,ya,5.0,"Perawatan & Kec… , +2","44,7 rb",Haluan Digital,Tukang Review Skincare💄💅🏻✨🌸 | Semua produk disini 💯% ori ya guyss😍 | ⚠️CURI VIDEO DENDA 100jt⚠️,"Rp1,3M","19,48 rb","Rp114,7rb","Rp75,4rb",,,,"99,12%",9%,839,94,Rp115rb,88,463,"5,51%",Rp0,0,0,0%,,,,,,,,17 Agu 2026 - 16 Sep 2026,7494242108198194043,https://affiliate-id.tokopedia.com/affiliate/creator/detail?cid=7494242108198194043&pair_source=author_filter&enter_from=affiliate_find_creators&search_key=rKuve9ERp/vo0UTtV/TiPHxDSjfr78PbGGjKX2Yja6E=&req_id=&query=&shop_region=ID&shop_id=7495839165477914693
perawatan kulit,riskafebr9 _ Tokopedia & Shop Affiliate.pdf,riskafebr9,Riskafebr9,7,ya,4.7,"Perawatan & Kec… , +2","164,4 rb",YUXI JAYATAMA,"˚.🎀༘⋆ Beauty & Personal Care ˚.🎀༘⋆ | -ˋˏ✄┈┈┈┈ ִֶָ. ..𓂃 ࣪ ִֶָ🦋་༘࿐ | Curi video ku, KU HARAM KAN UANG | PENGHASILAN NYA 😤‼️","Rp2,4M","28,63 rb","Rp75,3rb","Rp88,6rb",,,,"95,43%","6,54%",332,77,Rp67rb,426,641,"0,7%","Rp1,3jt",129,"84,92 rb","0,83%",,20%,,,,,,17 Agu 2026 - 16 Sep 2026,7494003554963129436,https://affiliate-id.tokopedia.com/affiliate/creator/detail?cid=7494003554963129436&pair_source=author_filter&enter_from=affiliate_find_creators&search_key=rKuve9ERp/vo0UTtV/TiPHxDSjfr78PbGGjKX2Yja6E=&req_id=&query=&shop_region=ID&shop_id=7495839165477914693
perawatan kulit,rival_amir03 _ Tokopedia & Shop Affiliate.pdf,rival_amir03,IVAL🐈,7,ya,Belum ada rating,"Perawatan & Kec… , +2","10,2 jt",,Traveling & Adventure🌊🍃 | IG: @rival_amir01 | Jangan lupa bersyukur | Part of FYC | FYC,Rp1JT+,"32,34 rb",Rp35rb,"Rp0-Rp88,7rb","0,72%","97,04%","Perawatan & Ke… 99,95%; Kartu produk 2,24%; Kesehatan 0,03%; Lainnya 0,02%",25%,--,80,8,"Rp35,1rb",440,"9,68 rb","0,75%","Rp292,8rb",2,"571,36 rb","2,65%","56,61%","43,39%","39,40%","41,20%","11,80%","3,60%","4,00%",17 Agu 2026 - 16 Sep 2026,7494046081893762587,https://affiliate-id.tokopedia.com/affiliate/creator/detail?cid=7494046081893762587&pair_source=author_filter&enter_from=affiliate_find_creators&search_key=ldSHIgCRfAHiah/CwBzU6YMmJpqwg+ovpn5iNf4SmeY=&req_id=&query=&shop_region=ID&shop_id=7495839165477914693
perawatan kulit,sahrilputraambiva _ Tokopedia & Shop Affiliate.pdf,sahrilputraambiva,Anakrantau,7,ya,Belum ada rating,"Perawatan & Kec… , +2","35,1 rb",AVW Agency,📍 : Yogyakarta,Rp1JT+,"19,37 rb","Rp559,5rb","Rp0-Rp88,7rb","95,02%","4,75%","Perawatan & Ke… 99,98%; Lainnya 0,02%; Kartu produk 0,23%",100%,--,58,3,"Rp37,8rb",33,"20,98 rb","1,62%","Rp1,9jt",39,"101,57 rb","32,07%","26,51%","73,49%","12,50%","51,20%","26,40%","7,30%","2,60%",16 Agu 2026 - 15 Sep 2026,7494002959945467742,https://affiliate-id.tokopedia.com/affiliate/creator/detail?cid=7494002959945467742&pair_source=author_filter&enter_from=affiliate_find_creators&search_key=3eSXBbJO7vfoY85/D1r8tuFrKcREU+dqRRwuF+hriGc=&req_id=&query=&shop_region=ID&shop_id=7495839165477914693
perawatan kulit,scorfinn _ Tokopedia & Shop Affiliate.pdf,scorfinn,Scorfinnn,7,ya,Belum ada rating,"Perawatan & Kec… , +2","164,4 rb",,JOIN SPECIAL LIVE SETIAP HARI | KEPOIN AKUN KEDUA AKU BANYAK PROMO | ⬇️⬇️⬇️ | https://www.tiktok.com/…,"Rp1,4M","47,98 rb","Rp96,7rb",Rp42rb,"79,28%","20,25%","Perawatan & Ke… 99,42%; Lainnya 0,25%; Pakaian & Dala… 0,25%; Kartu produk 0,47%; Perlengkapan R… 0,08%","84,74%","9,99%",139,26,Rp24rb,237,"8,42 rb","2,29%","Rp436,4rb",89,"134,48 rb","3,81%","14,25%","85,75%","29,40%","51,60%","14,10%","2,90%","2,00%",17 Agu 2026 - 16 Sep 2026,7493997852672165708,https://affiliate-id.tokopedia.com/affiliate/creator/detail?cid=7493997852672165708&pair_source=author_filter&enter_from=affiliate_find_creators&search_key=rKuve9ERp/vo0UTtV/TiPHxDSjfr78PbGGjKX2Yja6E=&req_id=&query=&shop_region=ID&shop_id=7495839165477914693
perawatan kulit,sharonatashaa _ Tokopedia & Shop Affiliate.pdf,sharonatashaa,Sharon Nat,7,ya,Belum ada rating,"Perawatan & Kec… , +2","297,1 rb",,Belum ada bio | https://www.instagram.c…,Rp1JT+,"35,18 rb","Rp48,9rb","Rp0-Rp88,7rb","1,22%","98,65%","Perawatan & Ke… 95,66%; Kesehatan 2,48%; Pakaian & Dala… 1,67%; Kartu produk 0,13%; Lainnya 0,19%",80%,--,386,90,"Rp48,3rb",125,"14,14 rb","1,08%","Rp5,4jt",1,"251,29 rb","1,19%","43,15%","56,85%","18,10%","52,60%","21,60%","5,90%","1,80%",16 Agu 2026 - 15 Sep 2026,7494003257118393376,https://affiliate-id.tokopedia.com/affiliate/creator/detail?cid=7494003257118393376&pair_source=author_filter&enter_from=affiliate_find_creators&search_key=3eSXBbJO7vfoY85/D1r8tuFrKcREU+dqRRwuF+hriGc=&req_id=&query=&shop_region=ID&shop_id=7495839165477914693
perawatan kulit,sheillyakho _ Tokopedia & Shop Affiliate.pdf,sheillyakho,shei ⋅˚₊‧ ୨୧ ‧₊˚ ⋅,7,ya,Belum ada rating,"Perawatan & Kec… , +2",100 rb,,beauty reviews from the heart ₊˚⊹ | inq: 0878-8792-6020 (shei),"Rp2,2M","25,08 rb","Rp72,9rb","Rp91,2rb",,"99,96%","Perawatan & Ke… 99,68%; Kesehatan 0,30%; Kartu produk 0,04%; Perlengkapan R… 0,01%; Lainnya 0,01%",50%,5%,364,91,Rp73rb,38,"22,78 rb","1,17%",Rp0,0,0,0%,"27,56%","72,44%","21,30%","45,90%","20,00%","8,40%","4,40%",17 Agu 2026 - 16 Sep 2026,7493993120214975600,https://affiliate-id.tokopedia.com/affiliate/creator/detail?cid=7493993120214975600&pair_source=author_filter&enter_from=affiliate_find_creators&search_key=ldSHIgCRfAHiah/CwBzU6YMmJpqwg+ovpn5iNf4SmeY=&req_id=&query=&shop_region=ID&shop_id=7495839165477914693
perawatan kulit,si.tiiiii _ Tokopedia & Shop Affiliate.pdf,si.tiiiii,mifta,7,ya,Belum ada rating,"Perawatan & Kec… , +2",31 rb,YUXI JAYATAMA,Rekomendasi skincare disc up to 50% | CURI VIDIO DENDA 10jt,Rp1JT+,"31,32 rb","Rp65,4rb","Rp0-Rp88,7rb",,"99,98%","Perawatan & Ke… 99,89%; Pakaian Anak 0,07%; Kartu produk 0,02%; Lainnya 0,03%; Ibu & Bayi 0,01%","96,83%",--,520,73,"Rp65,5rb",279,"1,69 rb","0,54%",Rp0,0,1,0%,"20,44%","79,56%","20,00%","51,00%","19,70%","6,30%","3,00%",16 Agu 2026 - 15 Sep 2026,7494004021285717059,https://affiliate-id.tokopedia.com/affiliate/creator/detail?cid=7494004021285717059&pair_source=author_filter&enter_from=affiliate_find_creators&search_key=3eSXBbJO7vfoY85/D1r8tuFrKcREU+dqRRwuF+hriGc=&req_id=&query=&shop_region=ID&shop_id=7495839165477914693
perawatan kulit,sifanr_ _ Tokopedia & Shop Affiliate.pdf,sifanr_,. 𐙚˚࿔ Cipa 𝜗𝜚˚⋆,7,ya,Belum ada rating,"Perawatan & Kec… , +2","73,4 rb",Agensi Anak Bangsa,✨Live setiap hari✨ | ❗️Curi vt dosa❗️ | DM for bussines inq 📩 | https://www.instagram.c…,"Rp3,7M","40,58 rb","Rp563,9rb","Rp126,5rb","78,20%","21,68%","Perawatan & Ke… 99,98%; Lainnya 0,01%; Kartu produk 0,12%; Ibu & Bayi 0,01%","93,87%",8%,249,30,"Rp151,7rb",257,"2,43 rb","0,51%","Rp2,3jt",14,"93,45 rb","2,15%","26,20%","73,80%","20,20%","49,50%","19,50%","7,10%","3,70%",17 Agu 2026 - 16 Sep 2026,7494958396207630915,https://affiliate-id.tokopedia.com/affiliate/creator/detail?cid=7494958396207630915&pair_source=author_filter&enter_from=affiliate_find_creators&search_key=ldSHIgCRfAHiah/CwBzU6YMmJpqwg+ovpn5iNf4SmeY=&req_id=&query=&shop_region=ID&shop_id=7495839165477914693
perawatan kulit,skinby_sindy _ Tokopedia & Shop Affiliate.pdf,skinby_sindy,Eunoia.sindy,7,ya,Belum ada rating,"Perawatan & Kec… , +2","141,6 rb",Haluan Digital,"""Edukasi skincare dulu, drama belakangan""",Rp1JT+,"12,89 rb","Rp529,5rb","Rp177,4rb-Rp266rb","80,66%","15,18%","Perawatan & Ke… 98,08%; Kesehatan 1,85%; Ibu & Bayi 0,06%; Kartu produk 4,16%; Lainnya 0,01%","55,55%",--,421,60,"Rp104,8rb",459,600,"1,59%","Rp2,2jt",125,"25,59 rb","15,86%","29,28%","70,72%","22,20%","47,20%","20,20%","7,10%","3,30%",17 Agu 2026 - 16 Sep 2026,7494839003926268552,https://affiliate-id.tokopedia.com/affiliate/creator/detail?cid=7494839003926268552&pair_source=author_filter&enter_from=affiliate_find_creators&search_key=ldSHIgCRfAHiah/CwBzU6YMmJpqwg+ovpn5iNf4SmeY=&req_id=&query=&shop_region=ID&shop_id=7495839165477914693
perawatan kulit,skincarekuid_ _ Tokopedia & Shop Affiliate.pdf,skincarekuid_,skincarekuid_,7,ya,Belum ada rating,"Perawatan & Kec… , +2","3,4 rb",YUXI JAYATAMA,Just For Fun💫 | Folllow|Like|Share📤 | Spill skincare,"Rp2,1M","35,91 rb","Rp10,6jt","Rp527,9rb","99,91%","0,01%","Perawatan & Ke… 95,77%; Ibu & Bayi 4,11%; Kartu produk 0,08%; Lainnya 0,10%; Perlengkapan H… 0,02%",0%,"8,54%",198,59,"Rp5,1rb",28,777,"0,38%","Rp12,4jt",77,"12,19 rb","15,74%","36,86%","63,14%","21,50%","41,20%","20,40%","9,90%","7,00%",17 Agu 2026 - 16 Sep 2026,7496012338469833444,https://affiliate-id.tokopedia.com/affiliate/creator/detail?cid=7496012338469833444&pair_source=author_filter&enter_from=affiliate_find_creators&search_key=rKuve9ERp/vo0UTtV/TiPHxDSjfr78PbGGjKX2Yja6E=&req_id=&query=&shop_region=ID&shop_id=7495839165477914693
perawatan kulit,smongko77 _ Tokopedia & Shop Affiliate.pdf,smongko77,Tri Aprilia,7,ya,Belum ada rating,"Perawatan & Kec… , +2","29,5 rb",,Belum ada bio,"Rp1,6M","14,34 rb",Rp97rb,"Rp122,5rb",,"99,55%","Perawatan & Ke… 99,75%; Pakaian & Dala… 0,16%; Kartu produk 0,45%; Lainnya 0,05%; Kesehatan 0,04%","79,46%","8,5%",146,35,"Rp97,1rb",993,564,"0,87%",Rp0,0,0,0%,"28,49%","71,51%","18,10%","47,30%","22,00%","8,60%","4,00%",17 Agu 2026 - 16 Sep 2026,7494001765920375834,https://affiliate-id.tokopedia.com/affiliate/creator/detail?cid=7494001765920375834&pair_source=author_filter&enter_from=affiliate_find_creators&search_key=rKuve9ERp/vo0UTtV/TiPHxDSjfr78PbGGjKX2Yja6E=&req_id=&query=&shop_region=ID&shop_id=7495839165477914693
perawatan kulit,tehsusan123 _ Tokopedia & Shop Affiliate.pdf,tehsusan123,Teh susan,7,ya,Belum ada rating,"Perawatan & Kec… , +2","31,5 rb",YUXI JAYATAMA,Lippies and Beauty💋 | Paid Promote Only | DM/WA for Collaboration,"Rp1,3M","33,79 rb","Rp73,4rb","Rp44,3rb",,,,"96,77%",11%,134,20,"Rp73,7rb",472,"1,32 rb","0,38%",Rp0,0,0,0%,,20%,,,,,,17 Agu 2026 - 16 Sep 2026,7496252179376605635,https://affiliate-id.tokopedia.com/affiliate/creator/detail?cid=7496252179376605635&pair_source=author_filter&enter_from=affiliate_find_creators&search_key=rKuve9ERp/vo0UTtV/TiPHxDSjfr78PbGGjKX2Yja6E=&req_id=&query=&shop_region=ID&shop_id=7495839165477914693
perawatan kulit,thisisalulaa _ Tokopedia & Shop Affiliate.pdf,thisisalulaa,,,ya,,,,,thisisalulaa | Tokopedia & Shop Affiliate | Affiliate Center | GMV per saluran penjualan | GMV berdasarkan kategori produk | Pesan kreator | Bantuan | Beranda,,,,,"0,01%","99,75%",,50%,--,227,75,"Rp71,2rb",190,"2,86 rb","1,26%","Rp229,9rb",1,"44,46 rb","1,15%","24,19%","75,81%","36,70%","46,60%","10,80%","3,00%","2,90%",16 Agu 2026 - 15 Sep 2026,7494001508176725311,https://affiliate-id.tokopedia.com/affiliate/creator/detail?cid=7494001508176725311&pair_source=author_filter&enter_from=affiliate_find_creators&search_key=3eSXBbJO7vfoY85/D1r8tuFrKcREU+dqRRwuF+hriGc=&req_id=&query=&shop_region=ID&shop_id=7495839165477914693
perawatan kulit,tiarakasih0612 _ Tokopedia & Shop Affiliate.pdf,tiarakasih0612,Tiarakasihracun,7,ya,1.0,"Perawatan & Kec… , +2","215,5 rb",Tik Star,Pengen umrah ya allah 2026😇 | Lansgung check showcase ⬇️⬇️⬇️,Rp3M,"60,8 rb",Rp71rb,"Rp54,2rb",,"99,92%","Perawatan & Ke… 99,82%; Makanan & Min… 0,09%; Kartu produk 0,08%; Lainnya 0,06%; Ibu & Bayi 0,03%","97,57%",8%,433,67,"Rp71,3rb",568,"1,1 rb","0,43%",Rp0,0,1,0%,"26,42%","73,58%","6,80%","30,20%","31,70%","21,30%","10,00%",17 Agu 2026 - 16 Sep 2026,7494003666440914349,https://affiliate-id.tokopedia.com/affiliate/creator/detail?cid=7494003666440914349&pair_source=author_filter&enter_from=affiliate_find_creators&search_key=rKuve9ERp/vo0UTtV/TiPHxDSjfr78PbGGjKX2Yja6E=&req_id=&query=&shop_region=ID&shop_id=7495839165477914693
perawatan kulit,waldyaurora96 _ Tokopedia & Shop Affiliate.pdf,waldyaurora96,Waldy Aurora96✨,7,ya,4.0,"Perawatan & Kec… , +2","107,7 rb",,"Hairstyls,beauty and Daily😎👑 | Bisnis : 082252801460 | bantu follow Ig : ary_waldy96 | Curi video denda 100Jt👊",Rp1JT+,"36,56 rb","Rp40,7rb","Rp0-Rp88,7rb","0,01%","99,99%","Perawatan & Ke… 99,83%; Lainnya 0,08%; Perlengkapan R… 0,06%; Pakaian & Dala… 0,03%","94,5%",--,101,56,"Rp40,3rb",265,"1,42 rb","0,52%","Rp168,5jt",0,1,0%,"31,69%","68,31%","32,00%","35,20%","18,40%","7,50%","6,90%",16 Agu 2026 - 15 Sep 2026,7494000143401387023,https://affiliate-id.tokopedia.com/affiliate/creator/detail?cid=7494000143401387023&pair_source=author_filter&enter_from=affiliate_find_creators&search_key=3eSXBbJO7vfoY85/D1r8tuFrKcREU+dqRRwuF+hriGc=&req_id=&query=&shop_region=ID&shop_id=7495839165477914693
perawatan kulit,wdh__ _ Tokopedia & Shop Affiliate.pdf,wdh__,,,ya,,,,,wdh__ | Tokopedia & Shop Affiliate | Affiliate Center | GMV per saluran penjualan | GMV berdasarkan kategori produk | Pesan kreator | Bantuan | Beranda,,,,,"79,25%","20,47%",,"94,69%",--,176,15,Rp41rb,328,"9,53 rb","0,89%","Rp821,3rb",91,"41,2 rb","3,98%","50,85%","49,15%","28,00%","48,10%","17,40%","4,60%","1,90%",16 Agu 2026 - 15 Sep 2026,7493991129672615302,https://affiliate-id.tokopedia.com/affiliate/creator/detail?cid=7493991129672615302&pair_source=author_filter&enter_from=affiliate_find_creators&search_key=zje4FCROv9F2VI+e3TcUK5hExe3KmVtoBf5PQLqvQ5E=&req_id=&query=&shop_region=ID&shop_id=7495839165477914693
perawatan kulit,windychayra79 _ Tokopedia & Shop Affiliate.pdf,windychayra79,Windychayra79,7,ya,1.4,"Perawatan & Kec… , +2",21 rb,,"hi 👋 | Beauty, bulumata, lem eyelash | *Curi video dan suara denda‼️ | *Business dm💌","Rp2,4M","118,25 rb",Rp40rb,"Rp23,7rb","0,02%","99,94%","Perawatan & Ke… 99,97%; Kartu produk 0,04%; Peralatan Ruma… 0,02%; Lainnya 0,01%","99,19%","7,5%",214,57,Rp40rb,407,"4,07 rb","0,55%","Rp291,7rb",4,"50,17 rb","1,24%","28,35%","71,65%","20,80%","48,30%","21,20%","6,50%","3,20%",17 Agu 2026 - 16 Sep 2026,7493997783954917108,https://affiliate-id.tokopedia.com/affiliate/creator/detail?cid=7493997783954917108&pair_source=author_filter&enter_from=affiliate_find_creators&search_key=ldSHIgCRfAHiah/CwBzU6YMmJpqwg+ovpn5iNf4SmeY=&req_id=&query=&shop_region=ID&shop_id=7495839165477914693
perawatan kulit,ygrianii _ Tokopedia & Shop Affiliate.pdf,ygrianii,spalspil,7,ya,Belum ada rating,"Perawatan & Kec… , +2","90,2 rb",YUXI JAYATAMA,ORI 100% langsung dikirim official !! | Ig: ygrianii,"Rp1,6M","16,98 rb","Rp110,8rb","Rp98,1rb","26,49%","73,49%","Perawatan & Ke… 99,93%; Perlengkapan H… 0,03%; Lainnya 0,03%; Kartu produk 0,02%; Pakaian Anak 0,01%","67,21%","7,84%",392,53,"Rp83,2rb",147,"2,32 rb","0,32%","Rp1,3jt",81,"86,89 rb","1,18%","21,67%","78,33%","14,80%","47,50%","25,40%","8,90%","3,40%",17 Agu 2026 - 16 Sep 2026,7494066444907480473,https://affiliate-id.tokopedia.com/affiliate/creator/detail?cid=7494066444907480473&pair_source=author_filter&enter_from=affiliate_find_creators&search_key=rKuve9ERp/vo0UTtV/TiPHxDSjfr78PbGGjKX2Yja6E=&req_id=&query=&shop_region=ID&shop_id=7495839165477914693
perawatan tangan & kaki,Tokopedia & Shop Affiliate.pdf,mosseru.indo,Mosseru Bodywash,6,ya,Belum ada rating,"Perawatan & Kec… , +2","63,6 rb",,Mosseru Acne Showergel 🧼 | Samarin jerawat aktif di badan! | Salicylic Acid • Zinc PCA • Sulfur,Rp1JT+,"11,58 rb","Rp131,3rb","Rp89,2rb-Rp178,3rb","1,12%","95,59%","Perawatan & Ke… 99,97%; Kartu produk 3,29%; Lainnya 0,03%",--,--,38,3,"Rp129,8rb",17,"11,91 rb","0,62%","Rp3,2jt",7,"33,83 rb","0,73%","22,10%","77,90%","28,40%","44,80%","18,10%","5,70%","3,00%",20 Agu 2026 - 19 Sep 2026,7496099112546503295,https://affiliate-id.tokopedia.com/affiliate/creator/detail?cid=7496099112546503295&pair_source=author_filter&enter_from=affiliate_find_creators&search_key=kef8LwjWevGlxECzf+6rE86BN3zFxOemiPtaXdpmlgQ=&req_id=&query=&shop_region=ID&shop_id=7495839165477914693
perawatan tangan & kaki,_ikhfinamlyy _ Tokopedia & Shop Affiliate.pdf,_ikhfinamlyy,_ikhfinaMlyy,7,ya,Belum ada rating,"Perawatan & Kec… , +2","180,3 rb",AFTER Affiliate Partner,Hi brand! Let’s collaborate ✨Endorsement | | Business inq +62 857-2362-8414 | ⚠️ CO tanpa konfirmasi saya = BUKAN SAYA! | Waspada penipuan 🙏,"Rp3,1M","38,18 rb","Rp414,9rb","Rp95,9rb","89,31%","10,57%","Perawatan & Ke… 99,91%; Perlengkapan R… 0,07%; Kartu produk 0,12%; Lainnya 0,02%","58,62%",10%,66,17,"Rp58,9rb",134,"3,95 rb","1,22%","Rp1,5jt",169,"40,11 rb","9,66%","17,35%","82,65%","26,70%","53,90%","13,90%","3,20%","2,30%",20 Agu 2026 - 19 Sep 2026,7494647706050594975,https://affiliate-id.tokopedia.com/affiliate/creator/detail?cid=7494647706050594975&pair_source=author_filter&enter_from=affiliate_find_creators&search_key=3rQi7G4Sj1lLxWPsACJqPYERyzrlbQ0aHWBdJr/U8WM=&req_id=&query=&shop_region=ID&shop_id=7495839165477914693
perawatan tangan & kaki,adellliiyyaaaa _ Tokopedia & Shop Affiliate.pdf,adellliiyyaaaa,ADELIAREGINA_Real,7,ya,Belum ada rating,"Perawatan & Kec… , +2","1,1 jt",,Konsultasi wajib ke akun (@ALL FACE ) | instagram : Adeliaregina_real | @OWNER ALL FACE | orang sesungguhnya di @ADELIA REGINA PUTRI,Rp1JT+,"46,68 rb","Rp1,3jt","Rp0-Rp89,1rb","95,22%","0,03%","Perawatan & Ke… 99,99%; Kartu produk 4,75%; Lainnya 0,01%",0%,--,14,1,"Rp23,9rb",91,"15,77 rb","4,97%","Rp1,3jt",31,"287,8 rb","51,53%","34,90%","65,10%","20,70%","54,00%","18,00%","4,10%","3,20%",20 Agu 2026 - 19 Sep 2026,7495015975074498709,https://affiliate-id.tokopedia.com/affiliate/creator/detail?cid=7495015975074498709&pair_source=author_filter&enter_from=affiliate_find_creators&search_key=3rQi7G4Sj1lLxWPsACJqPYERyzrlbQ0aHWBdJr/U8WM=&req_id=&query=&shop_region=ID&shop_id=7495839165477914693
perawatan tangan & kaki,akuiviii _ Tokopedia & Shop Affiliate.pdf,akuiviii,Beauty with ivi💄,7,ya,Belum ada rating,"Perawatan & Kec… , +2","128,6 rb",Agensi Anak Bangsa,"For business dm 📩 | MasyaAllah TabarakAllah✨ | Review SKINCARE, BODYCARE & MAKE UP🧖🏻‍♀️💄 | ‼️CURI VIDEO DENDA‼️",Rp2M,"40,25 rb","Rp94,3rb","Rp55,7rb","3,39%","96,50%","Perawatan & Ke… 99,91%; Tekstil & Soft Fu… 0,05%; Lainnya 0,03%; Kartu produk 0,11%; Kesehatan 0,01%","99,03%","7,5%",489,57,"Rp91,5rb",974,736,"0,77%",Rp788rb,78,"73,94 rb","0,91%","26,15%","73,85%","18,50%","52,20%","21,40%","5,50%","2,40%",20 Agu 2026 - 19 Sep 2026,7494923463055346105,https://affiliate-id.tokopedia.com/affiliate/creator/detail?cid=7494923463055346105&pair_source=author_filter&enter_from=affiliate_find_creators&search_key=kef8LwjWevGlxECzf+6rE86BN3zFxOemiPtaXdpmlgQ=&req_id=&query=&shop_region=ID&shop_id=7495839165477914693
perawatan tangan & kaki,ananda_firsty _ Tokopedia & Shop Affiliate.pdf,ananda_firsty,ananda firsty,7,ya,Belum ada rating,"Perawatan & Kec… , +2","94,8 rb",AI Media Nusantara,Masyaallah TabarakAllah | Cari kebutuhan cantikmu ? Ada disini 🫶🏻 | Open || endorse 081331435834 📱 | BISSMILAH •sehat •bahagia •kaya raya,"Rp1,5M","28,66 rb","Rp48,3rb","Rp58,4rb",,"99,97%","Perawatan & Ke… 89,71%; Lainnya 4,11%; Kartu produk 0,03%; Pakaian & Dala… 4,05%; Fashion Muslim 2,13%","85,62%",6%,172,95,"Rp48,3rb",910,855,"0,71%","Rp60,1rb",2,"16,51 rb","8,06%","37,12%","62,88%","25,20%","49,00%","16,50%","5,40%","3,90%",20 Agu 2026 - 19 Sep 2026,7494040614228952895,https://affiliate-id.tokopedia.com/affiliate/creator/detail?cid=7494040614228952895&pair_source=author_filter&enter_from=affiliate_find_creators&search_key=3rQi7G4Sj1lLxWPsACJqPYERyzrlbQ0aHWBdJr/U8WM=&req_id=&query=&shop_region=ID&shop_id=7495839165477914693
perawatan tangan & kaki,andhitairianto _ Tokopedia & Shop Affiliate.pdf,andhitairianto,OWNER AFTERMYSKIN,7,ya,Belum ada rating,"Perawatan & Kec… , +2","929,7 rb",AFTER Affiliate Partner,OWNER ROYAL AFTERMYSKIN | KMPLN 082281575641 (fastrspn) | @Aftermyskin @After Beaute | @OWNER ROYAL AFTERMYSKIN | DAFTAR AFF REGULER KLIK ⬇️,"Rp6,3M","67,07 rb","Rp879,8rb","Rp162,3rb","93,12%","3,85%","Perawatan & Ke… 99,91%; Lainnya 0,07%; Koper & Tas 0,01%; Kartu produk 3,03%; Pakaian & Dala… 0,01%",--,10%,151,30,"Rp48,8rb",236,"5,78 rb","2,82%",Rp3jt,8,"936,68 rb","80,78%","18,25%","81,75%","27,80%","52,10%","13,90%","3,50%","2,70%",20 Agu 2026 - 19 Sep 2026,7494002888596227532,https://affiliate-id.tokopedia.com/affiliate/creator/detail?cid=7494002888596227532&pair_source=author_filter&enter_from=affiliate_find_creators&search_key=3rQi7G4Sj1lLxWPsACJqPYERyzrlbQ0aHWBdJr/U8WM=&req_id=&query=&shop_region=ID&shop_id=7495839165477914693
perawatan tangan & kaki,anggela_permatasari _ Tokopedia & Shop Affiliate.pdf,anggela_permatasari,OWNER ANGEL TACIK,7,ya,Belum ada rating,"Perawatan & Kec… , +2","3,7 jt",,I ❤️ ALLAH | Official akun | https://www.instagram.c…,"Rp1,8M","16,22 rb","Rp1,6jt","Rp139,4rb","97,47%","0,04%","Perawatan & Ke… 99,98%; Kartu produk 2,49%; Lainnya 0,02%",--,"10,5%",13,1,"Rp14,2rb",40,"547,71 rb","4,67%","Rp1,6jt",18,"468,33 rb","17,31%","37,61%","62,39%","16,70%","50,20%","23,90%","6,10%","3,10%",20 Agu 2026 - 19 Sep 2026,7494381965555239645,https://affiliate-id.tokopedia.com/affiliate/creator/detail?cid=7494381965555239645&pair_source=author_filter&enter_from=affiliate_find_creators&search_key=3rQi7G4Sj1lLxWPsACJqPYERyzrlbQ0aHWBdJr/U8WM=&req_id=&query=&shop_region=ID&shop_id=7495839165477914693
perawatan tangan & kaki,apingkosmetikaa _ Tokopedia & Shop Affiliate.pdf,apingkosmetikaa,aapingg,7,ya,Belum ada rating,"Perawatan & Kec… , +2","35,5 rb",,Skincare Promo🤩 | Live setiap hari 🥳🥳 | Jangan curi video plissss🙏🏻 | Demi kebaikan bersama🙏🏻,Rp1JT+,"22,51 rb","Rp71,1rb","Rp0-Rp89,2rb","8,28%","91,68%","Perawatan & Ke… 99,94%; Kesehatan 0,03%; Lainnya 0,02%; Kartu produk 0,04%; Koper & Tas 0,01%","93,15%",--,190,14,"Rp65,5rb",600,606,"0,6%","Rp1,1jt",65,"131,29 rb","2,15%","26,68%","73,32%","19,70%","46,40%","22,80%","7,70%","3,40%",20 Agu 2026 - 19 Sep 2026,7494051289966677079,https://affiliate-id.tokopedia.com/affiliate/creator/detail?cid=7494051289966677079&pair_source=author_filter&enter_from=affiliate_find_creators&search_key=kef8LwjWevGlxECzf+6rE86BN3zFxOemiPtaXdpmlgQ=&req_id=&query=&shop_region=ID&shop_id=7495839165477914693
perawatan tangan & kaki,arsykhumairah27 _ Tokopedia & Shop Affiliate.pdf,arsykhumairah27,Olin,7,ya,5.0,"Perawatan & Kec… , +2","313,1 rb",AVW Agency,Bismillah | Semua produk original yaa 🥰 | ‼️Yang maling vidio denda 100jt & masuk neraka ‼️,"Rp1,8M","31,68 rb","Rp78,3rb","Rp60,6rb","1,89%","98,09%","Perawatan & Ke… 99,73%; Pakaian & Dala… 0,13%; Lainnya 0,08%; Kartu produk 0,02%; Kesehatan 0,06%","94,07%","6,49%",305,118,"Rp77,3rb","1,08 rb",490,"0,64%","Rp299,1rb",30,"187,02 rb","0,64%","25,73%","74,27%","10,70%","37,80%","28,90%","15,20%","7,40%",20 Agu 2026 - 19 Sep 2026,7494077221765481820,https://affiliate-id.tokopedia.com/affiliate/creator/detail?cid=7494077221765481820&pair_source=author_filter&enter_from=affiliate_find_creators&search_key=kef8LwjWevGlxECzf+6rE86BN3zFxOemiPtaXdpmlgQ=&req_id=&query=&shop_region=ID&shop_id=7495839165477914693
perawatan tangan & kaki,ayuutwhyn _ Tokopedia & Shop Affiliate.pdf,ayuutwhyn,ayuutwhyn,7,ya,Belum ada rating,"Perawatan & Kec… , +2","306,9 rb",,Eksklusif Burgundy Series | join reseller daviena +628218562165 | ORDER! | @Daviena By Ayuutwhyn @EKSKLUSIF KOMUNITAS | DAVIENA | Global Media Agency | https://www.instagram.c…,Rp1JT+,"28,99 rb","Rp938,6rb","Rp178,2rb-Rp267,3rb","90,89%","8,19%","Perawatan & Ke… 99,99%; Lainnya 0,01%; Kartu produk 0,92%",0%,--,50,2,"Rp108,4rb",35,"13,16 rb","4,43%",Rp3jt,24,"331,36 rb","47,8%","20,40%","79,60%","28,90%","51,00%","13,50%","3,20%","3,40%",20 Agu 2026 - 19 Sep 2026,7494028500132791428,https://affiliate-id.tokopedia.com/affiliate/creator/detail?cid=7494028500132791428&pair_source=author_filter&enter_from=affiliate_find_creators&search_key=3rQi7G4Sj1lLxWPsACJqPYERyzrlbQ0aHWBdJr/U8WM=&req_id=&query=&shop_region=ID&shop_id=7495839165477914693
perawatan tangan & kaki,beliicia _ Tokopedia & Shop Affiliate.pdf,beliicia,beliicia,7,ya,Belum ada rating,"Perawatan & Kec… , +2","156,7 rb",,REVIEW PRODUK BEAUTY TERUPDATEE | 💌CP: 081342171772 (Andrew) | 📍SBY | Gbuu! | https://msha.ke/beliicia,Rp1JT+,"46,3 rb","Rp28,5rb","Rp0-Rp89,1rb",,"99,96%","Perawatan & Ke… 99,71%; Makanan & Min… 0,15%; Kartu produk 0,04%; Kesehatan 0,09%; Lainnya 0,05%","68,25%",--,525,118,"Rp28,5rb",144,"48,1 rb","1,73%",Rp0,0,0,0%,"28,38%","71,62%","33,50%","41,70%","14,70%","5,70%","4,40%",20 Agu 2026 - 19 Sep 2026,7494003842096202764,https://affiliate-id.tokopedia.com/affiliate/creator/detail?cid=7494003842096202764&pair_source=author_filter&enter_from=affiliate_find_creators&search_key=3rQi7G4Sj1lLxWPsACJqPYERyzrlbQ0aHWBdJr/U8WM=&req_id=&query=&shop_region=ID&shop_id=7495839165477914693
perawatan tangan & kaki,bellashofie_rigan _ Tokopedia & Shop Affiliate.pdf,bellashofie_rigan,BELLA SHOFIE DABE BEAUTE,7,ya,Belum ada rating,"Perawatan & Kec… , +2","3,9 jt",FYC,CHECKOUT HANYA DI TAG MALL: dabebeaute.id | DAFTAR AFFILIATE DABE👇🏻 | https://docs.google.com/…,Rp1JT+,"97,07 rb","Rp296,7rb","Rp89,2rb-Rp178,3rb","89,21%","9,33%","Perawatan & Ke… 99,90%; Ibu & Bayi 0,08%; Kartu produk 1,46%; Lainnya 0,02%",--,--,189,2,"Rp45,9rb",185,"177,6 rb","3,51%","Rp691,1rb",93,"192,17 rb","582,69%","26,41%","73,59%","12,80%","42,30%","28,10%","11,40%","5,40%",20 Agu 2026 - 19 Sep 2026,7493998172165277242,https://affiliate-id.tokopedia.com/affiliate/creator/detail?cid=7493998172165277242&pair_source=author_filter&enter_from=affiliate_find_creators&search_key=6mEyOagMmXMMrGEHXaUYyMDU6RasTa4zrTP2jUdw31E=&req_id=&query=&shop_region=ID&shop_id=7495839165477914693
perawatan tangan & kaki,cutetastic_ _ Tokopedia & Shop Affiliate.pdf,cutetastic_,MERI✮⋆˙💋KOLEKTOR LIPPIES,7,ya,Belum ada rating,"Perawatan & Kec… , +2","107,1 rb",YUXI JAYATAMA,SUKA NGESPILL APA AJA💓 | CURI VIDEO? HARAM REZEKINYA‼️ | Businesses Inquires: 0877 6811 1617 | Sec acc: @Meri ୨ৎ,Rp1JT+,"77,01 rb","Rp56,3rb","Rp0-Rp89,2rb",,"99,95%","Perawatan & Ke… 99,05%; Koper & Tas 0,47%; Kartu produk 0,05%; Fashion Muslim 0,35%; Lainnya 0,13%","96,29%",--,503,82,"Rp56,3rb",288,2 rb,"1,86%",Rp0,0,1,0%,"17,80%","82,20%","35,50%","46,40%","11,40%","3,50%","3,20%",20 Agu 2026 - 19 Sep 2026,7495109407025498645,https://affiliate-id.tokopedia.com/affiliate/creator/detail?cid=7495109407025498645&pair_source=author_filter&enter_from=affiliate_find_creators&search_key=kef8LwjWevGlxECzf+6rE86BN3zFxOemiPtaXdpmlgQ=&req_id=&query=&shop_region=ID&shop_id=7495839165477914693
perawatan tangan & kaki,davienaskincare.haiga _ Tokopedia & Shop Affiliate.pdf,davienaskincare.haiga,DAVIENASKINCAREJAWA,7,ya,Belum ada rating,"Perawatan & Kec… , +2","733,3 rb",,"""LEADER DAVIENA SKINCARE"" | @HAIGA SOVIA | open reseller | affiliator | Global Media Agency","Rp1,4M","16,54 rb","Rp216,4rb","Rp101,7rb","70,56%","23,79%","Perawatan & Ke… 100,00%; Kartu produk 5,65%",100%,"8,49%",88,3,"Rp71,7rb",110,"18,16 rb","2,86%","Rp676,7rb",242,"75,79 rb","25,34%","20,57%","79,43%","28,00%","49,70%","15,40%","3,70%","3,20%",20 Agu 2026 - 19 Sep 2026,7494895043631418194,https://affiliate-id.tokopedia.com/affiliate/creator/detail?cid=7494895043631418194&pair_source=author_filter&enter_from=affiliate_find_creators&search_key=3rQi7G4Sj1lLxWPsACJqPYERyzrlbQ0aHWBdJr/U8WM=&req_id=&query=&shop_region=ID&shop_id=7495839165477914693
perawatan tangan & kaki,davienaskincarestore.ayu _ Tokopedia & Shop Affiliate.pdf,davienaskincarestore.ayu,DAVIENA SKINCARE AYU,7,ya,Belum ada rating,"Perawatan & Kec… , +2","412,3 rb",,"JOIN LIVE SETIAP HARI 🕕""06.00-24.00""🕐 | DISTRIBUTOR DAVIENA SKINCARE | By.@Aprilia Ayu ♥️ | OPEN 1000 RESELLER:085692211295📲 | shopee.co.id/davienaskin…",Rp1JT+,"9,86 rb","Rp1,4jt","Rp178,3rb-Rp267,5rb","91,85%","4,13%","Perawatan & Ke… 100,00%; Kartu produk 4,02%",50%,--,96,8,"Rp118,8rb",90,"8,01 rb","1,75%","Rp2,6jt",31,"115,87 rb","12,58%","18,96%","81,04%","26,20%","51,10%","16,50%","3,60%","2,60%",20 Agu 2026 - 19 Sep 2026,7494691312075770471,https://affiliate-id.tokopedia.com/affiliate/creator/detail?cid=7494691312075770471&pair_source=author_filter&enter_from=affiliate_find_creators&search_key=6mEyOagMmXMMrGEHXaUYyMDU6RasTa4zrTP2jUdw31E=&req_id=&query=&shop_region=ID&shop_id=7495839165477914693
perawatan tangan & kaki,deaputfi _ Tokopedia & Shop Affiliate.pdf,deaputfi,OWNER BEAUTHINC,7,ya,Belum ada rating,"Perawatan & Kec… , +2","812,3 rb",,admin OWNER: 082195667706 | @Beauthinc.id,"Rp1,3M","18,94 rb","Rp1,5jt","Rp153,2rb","96,47%","2,27%","Perawatan & Ke… 91,90%; Kesehatan 8,09%; Kartu produk 1,26%; Lainnya 0,01%",--,"9,99%",59,1,"Rp132,6rb",26,"60,89 rb","1,84%",Rp2jt,15,"221,22 rb","78,38%","18,75%","81,25%","23,40%","50,50%","19,30%","4,60%","2,20%",20 Agu 2026 - 19 Sep 2026,7494002371253536516,https://affiliate-id.tokopedia.com/affiliate/creator/detail?cid=7494002371253536516&pair_source=author_filter&enter_from=affiliate_find_creators&search_key=kef8LwjWevGlxECzf+6rE86BN3zFxOemiPtaXdpmlgQ=&req_id=&query=&shop_region=ID&shop_id=7495839165477914693
perawatan tangan & kaki,dedehwne_ _ Tokopedia & Shop Affiliate.pdf,dedehwne_,dedeh_DSL,7,ya,3.0,"Perawatan & Kec… , +2","93,1 rb",AFTER Affiliate Partner,calm feminine creator ✨ | beauty • fashion • daily life | 🤍 open for brand partnerships | 📞 085840326676,"Rp1,7M","32,83 rb","Rp974,1rb","Rp61,8rb","98,31%","1,54%","Perawatan & Ke… 99,96%; Pakaian & Dala… 0,02%; Lainnya 0,01%; Kartu produk 0,15%; Fashion Muslim 0,01%","65,11%",10%,84,65,"Rp45,3rb",91,"4,67 rb","2,25%","Rp1,4jt",132,"34,54 rb","17,51%","17,26%","82,74%","26,80%","53,80%","13,90%","3,10%","2,40%",20 Agu 2026 - 19 Sep 2026,7495972938617686865,https://affiliate-id.tokopedia.com/affiliate/creator/detail?cid=7495972938617686865&pair_source=author_filter&enter_from=affiliate_find_creators&search_key=3rQi7G4Sj1lLxWPsACJqPYERyzrlbQ0aHWBdJr/U8WM=&req_id=&query=&shop_region=ID&shop_id=7495839165477914693
perawatan tangan & kaki,dilanjaniyar _ Tokopedia & Shop Affiliate.pdf,dilanjaniyar,Dilan Janiyar,7,ya,Belum ada rating,"Perawatan & Kec… , +2","3,5 jt",FYC,Aku juga @Dilan Janiyar_2 | Anak ku @Hayza Annarou | Lipcream ku @Girl's Therapy,Rp1JT+,"18,46 rb","Rp515,5rb","Rp89,1rb-Rp178,2rb","94,92%","4,44%","Perawatan & Ke… 91,76%; Ibu & Bayi 7,09%; Kesehatan 1,14%; Kartu produk 0,64%; Lainnya 0,01%",0%,--,280,38,"Rp54,5rb",35,"109,26 rb","9,79%","Rp853,4rb",37,"549,3 rb","4,04%","29,80%","70,20%","36,80%","49,60%","9,30%","2,30%","2,00%",20 Agu 2026 - 19 Sep 2026,7493989972655506768,https://affiliate-id.tokopedia.com/affiliate/creator/detail?cid=7493989972655506768&pair_source=author_filter&enter_from=affiliate_find_creators&search_key=3rQi7G4Sj1lLxWPsACJqPYERyzrlbQ0aHWBdJr/U8WM=&req_id=&query=&shop_region=ID&shop_id=7495839165477914693
perawatan tangan & kaki,dirvin.family _ Tokopedia & Shop Affiliate.pdf,dirvin.family,Dirvin_tukang Review,7,ya,Belum ada rating,"Perawatan & Kec… , +2","18,6 rb",YUXI JAYATAMA,"Spill Skincare, Body Care dan Hair Care | ❌ Curi Video Denda ❌ | Endorsement: DM","Rp2,1M","36,89 rb","Rp63,1rb","Rp60,5rb",,"99,95%","Perawatan & Ke… 100,00%; Kartu produk 0,05%","67,44%",6%,367,37,"Rp63,1rb",431,"1,22 rb","0,34%",Rp0,0,0,0%,"19,32%","80,68%","26,60%","49,10%","16,60%","4,50%","3,20%",20 Agu 2026 - 19 Sep 2026,7495464829927459709,https://affiliate-id.tokopedia.com/affiliate/creator/detail?cid=7495464829927459709&pair_source=author_filter&enter_from=affiliate_find_creators&search_key=6mEyOagMmXMMrGEHXaUYyMDU6RasTa4zrTP2jUdw31E=&req_id=&query=&shop_region=ID&shop_id=7495839165477914693
perawatan tangan & kaki,diskonpaydaysale _ Tokopedia & Shop Affiliate.pdf,diskonpaydaysale,Paydaysale,7,ya,Belum ada rating,"Perawatan & Kec… , +2","45,5 rb",AFTER Affiliate Partner,Sec Acc @Dea_AURA ᥫ | ✔️ LIVE JUALAN YANG LAGI PROMO,"Rp2,1M","21,15 rb","Rp708,3rb","Rp125,7rb","95,65%","4,28%","Perawatan & Ke… 99,98%; Lainnya 0,02%; Kartu produk 0,07%",100%,10%,69,23,"Rp50,6rb",576,814,"1,05%","Rp1,7jt",189,"13,6 rb","14,47%","18,26%","81,74%","28,10%","51,90%","14,00%","3,50%","2,50%",20 Agu 2026 - 19 Sep 2026,7496118060327668379,https://affiliate-id.tokopedia.com/affiliate/creator/detail?cid=7496118060327668379&pair_source=author_filter&enter_from=affiliate_find_creators&search_key=3rQi7G4Sj1lLxWPsACJqPYERyzrlbQ0aHWBdJr/U8WM=&req_id=&query=&shop_region=ID&shop_id=7495839165477914693
perawatan tangan & kaki,dokterdetektifhero _ Tokopedia & Shop Affiliate.pdf,dokterdetektifhero,Dokter Detektif New!,7,ya,Belum ada rating,"Perawatan & Kec… , +2","794,4 rb",KOLABE,,Rp1JT+,"12,97 rb","Rp288,3rb","Rp89,2rb-Rp178,4rb","96,03%","3,19%","Perawatan & Ke… 91,62%; Kesehatan 6,57%; Makanan & Min… 1,65%; Kartu produk 0,78%; Lainnya 0,16%",--,--,263,15,"Rp11,6rb",143,"9,94 rb","1,17%","Rp1,4jt",21,"175,34 rb","30,99%","25,97%","74,03%","13,30%","48,80%","26,00%","8,80%","3,10%",20 Agu 2026 - 19 Sep 2026,7494039898672498135,https://affiliate-id.tokopedia.com/affiliate/creator/detail?cid=7494039898672498135&pair_source=author_filter&enter_from=affiliate_find_creators&search_key=6mEyOagMmXMMrGEHXaUYyMDU6RasTa4zrTP2jUdw31E=&req_id=&query=&shop_region=ID&shop_id=7495839165477914693
perawatan tangan & kaki,dr.okypratamaa_kedua _ Tokopedia & Shop Affiliate.pdf,dr.okypratamaa_kedua,dr.okypratamaa_kedua,7,ya,Belum ada rating,"Perawatan & Kec… , +2","2,9 jt",ONE LINK MEDIA,Akun Kedua | Akun Utama @Dr. Oky Pratama REAL | Bening’s Group,"Rp1,6M","26,84 rb","Rp1,3jt","Rp150,2rb","97,17%","0,24%","Perawatan & Ke… 99,58%; Ibu & Bayi 0,21%; Kartu produk 2,59%; Lainnya 0,15%; Mainan & Hobi 0,06%",0%,"9,99%",134,3,"Rp15,9rb",46,"96,55 rb","4,37%","Rp1,6jt",28,"116,28 rb","12,81%","23,59%","76,41%","20,20%","49,70%","21,20%","6,10%","2,80%",20 Agu 2026 - 19 Sep 2026,7494656806930122819,https://affiliate-id.tokopedia.com/affiliate/creator/detail?cid=7494656806930122819&pair_source=author_filter&enter_from=affiliate_find_creators&search_key=kef8LwjWevGlxECzf+6rE86BN3zFxOemiPtaXdpmlgQ=&req_id=&query=&shop_region=ID&shop_id=7495839165477914693
perawatan tangan & kaki,ebbybuljo _ Tokopedia & Shop Affiliate.pdf,ebbybuljo,Ebbybuljo,7,ya,Belum ada rating,"Perawatan & Kec… , +2","22,9 rb",,Member of @pluk pluk management | AKUN KE 2 @ebbybulejowo,"Rp1,2M","42,92 rb","Rp55,5rb","Rp34,6rb",,"99,69%","Perawatan & Ke… 99,65%; Perlengkapan R… 0,23%; Kartu produk 0,31%; Aksesori Pakaian 0,09%; Lainnya 0,03%","66,66%","8,87%",66,6,"Rp55,5rb",262,"2,95 rb","1,74%",Rp0,0,0,0%,"28,21%","71,79%","24,10%","46,80%","17,70%","6,80%","4,60%",20 Agu 2026 - 19 Sep 2026,7496058489895750541,https://affiliate-id.tokopedia.com/affiliate/creator/detail?cid=7496058489895750541&pair_source=author_filter&enter_from=affiliate_find_creators&search_key=kef8LwjWevGlxECzf+6rE86BN3zFxOemiPtaXdpmlgQ=&req_id=&query=&shop_region=ID&shop_id=7495839165477914693
perawatan tangan & kaki,fasyaanandaaa _ Tokopedia & Shop Affiliate.pdf,fasyaanandaaa,Fasyaanandaaa,7,ya,Belum ada rating,"Perawatan & Kec… , +2","597,7 rb",Emtek Commerce,MasyaAllah Tabarakallah | Endorse? 082180327206 | DAFTAR AFFILIATE AFTER⬇️ | https://forms.gle/dMHBJ…,"Rp5,3M","65,38 rb","Rp337,8rb","Rp105,6rb","81,91%","17,96%","Perawatan & Ke… 99,98%; Perlengkapan R… 0,01%; Kartu produk 0,13%; Lainnya 0,01%","70,1%",10%,74,15,"Rp69,4rb",129,"14,38 rb","1,12%","Rp2,2jt",135,"96,91 rb","9,53%","19,06%","80,94%","25,30%","52,20%","15,50%","4,30%","2,70%",20 Agu 2026 - 19 Sep 2026,7493992321377993744,https://affiliate-id.tokopedia.com/affiliate/creator/detail?cid=7493992321377993744&pair_source=author_filter&enter_from=affiliate_find_creators&search_key=3rQi7G4Sj1lLxWPsACJqPYERyzrlbQ0aHWBdJr/U8WM=&req_id=&query=&shop_region=ID&shop_id=7495839165477914693
perawatan tangan & kaki,galerihumaira16 _ Tokopedia & Shop Affiliate.pdf,galerihumaira16,Humaira zahra,7,ya,Belum ada rating,"Perawatan & Kec… , +2","13,9 rb",YUXI JAYATAMA,Masyalloh tabaroqalloh 😇 | Rekomendasi skincare Bpom 🥰 | !! Curi video denda !!,"Rp1,3M","14,76 rb","Rp51,6rb","Rp90,2rb",,"99,92%","Perawatan & Ke… 100,00%; Kartu produk 0,08%",100%,"5,88%",242,12,"Rp51,6rb",207,584,"0,38%",Rp0,0,25,0%,"21,45%","78,55%","14,90%","47,10%","26,80%","7,90%","3,30%",20 Agu 2026 - 19 Sep 2026,7495580303080197017,https://affiliate-id.tokopedia.com/affiliate/creator/detail?cid=7495580303080197017&pair_source=author_filter&enter_from=affiliate_find_creators&search_key=kef8LwjWevGlxECzf+6rE86BN3zFxOemiPtaXdpmlgQ=&req_id=&query=&shop_region=ID&shop_id=7495839165477914693
perawatan tangan & kaki,getmeplease_ _ Tokopedia & Shop Affiliate.pdf,getmeplease_,Getmepleasee,7,ya,Belum ada rating,"Perawatan & Kec… , +2","85,4 rb",,"My Skincare ""Adleeva Skincare"" ✨💗 | CO HARGA AMBYAR DILIVE‼️💸 | Ig : putririyaan | Spall spill product👇🏻","Rp1,7M","19,13 rb",Rp134rb,"Rp99,7rb","12,36%","87,43%","Perawatan & Ke… 99,36%; Kesehatan 0,56%; Lainnya 0,05%; Kartu produk 0,21%; Ponsel & Elektro… 0,03%",25%,7%,173,17,"Rp118,4rb",163,887,"1,32%",Rp2jt,34,"108,42 rb","37,58%","20,02%","79,98%","30,10%","55,40%","10,70%","2,00%","1,80%",20 Agu 2026 - 19 Sep 2026,7493996638730880833,https://affiliate-id.tokopedia.com/affiliate/creator/detail?cid=7493996638730880833&pair_source=author_filter&enter_from=affiliate_find_creators&search_key=kef8LwjWevGlxECzf+6rE86BN3zFxOemiPtaXdpmlgQ=&req_id=&query=&shop_region=ID&shop_id=7495839165477914693
perawatan tangan & kaki,gilangafif_ _ Tokopedia & Shop Affiliate.pdf,gilangafif_,Gilang Afif,7,ya,Belum ada rating,"Beauty & Persona…, +2","27,4 rb",YUXI JAYATAMA,CP : 081332943254 | mas mas pekerja lapang yang berusaha rawat tubuh | Ganteng gak harus Cakep 😎,"Rp2,4M","65,8 rb",Rp100rb,"Rp38,9rb",,"99,99%","Beauty & Perso… 99,96%; Menswear & Un… 0,02%; product cards 0,01%; Others 0,02%","99,17%","9,49%",123,38,Rp100rb,143,812,"0,65%",Rp0,0,1,0%,,21%,,,"27,30%","18,60%","11,00%",20 Agu 2026 - 19 Sep 2026,7495950501893343585,https://affiliate-id.tokopedia.com/affiliate/creator/detail?cid=7495950501893343585&pair_source=author_filter&enter_from=affiliate_find_creators&search_key=6mEyOagMmXMMrGEHXaUYyMDU6RasTa4zrTP2jUdw31E=&req_id=&query=&shop_region=ID&shop_id=7495839165477914693
perawatan tangan & kaki,glad2glow_bodyserum _ Tokopedia & Shop Affiliate.pdf,glad2glow_bodyserum,glad2glow_bodyserum,7,ya,Belum ada rating,"Perawatan & Kec… , +2","273,7 rb",,Let's Glow Together,Rp1JT+,"59,84 rb","Rp184,9rb","Rp0-Rp89,1rb","94,72%","4,86%","Perawatan & Ke… 100,00%; Kartu produk 0,42%",--,--,230,1,Rp10rb,261,"5,36 rb","0,3%","Rp1,7jt",33,"36,19 rb","0,56%","22,20%","77,80%","13,20%","50,30%","27,70%","6,40%","2,40%",20 Agu 2026 - 19 Sep 2026,7496059769325980474,https://affiliate-id.tokopedia.com/affiliate/creator/detail?cid=7496059769325980474&pair_source=author_filter&enter_from=affiliate_find_creators&search_key=3rQi7G4Sj1lLxWPsACJqPYERyzrlbQ0aHWBdJr/U8WM=&req_id=&query=&shop_region=ID&shop_id=7495839165477914693
perawatan tangan & kaki,hennyluvyu _ Tokopedia & Shop Affiliate.pdf,hennyluvyu,Mbak Henny,7,ya,Belum ada rating,"Perawatan & Kec… , +2","207,2 rb",,SKINCARE BODYCARE 🌻 | ORDER DI KERANJANG ‼️ | Endorsement‼️dm😎,Rp1JT+,"45,03 rb","Rp80,2rb","Rp0-Rp89,2rb",,"99,70%","Perawatan & Ke… 99,99%; Kartu produk 0,30%; Lainnya 0,01%","97,54%",--,112,15,"Rp80,2rb",146,"1,14 rb","0,7%",Rp0,0,1,0%,"22,16%","77,84%","10,70%","43,80%","28,00%","12,00%","5,50%",20 Agu 2026 - 19 Sep 2026,7494876822213069276,https://affiliate-id.tokopedia.com/affiliate/creator/detail?cid=7494876822213069276&pair_source=author_filter&enter_from=affiliate_find_creators&search_key=kef8LwjWevGlxECzf+6rE86BN3zFxOemiPtaXdpmlgQ=&req_id=&query=&shop_region=ID&shop_id=7495839165477914693
perawatan tangan & kaki,iindrayoni _ Tokopedia & Shop Affiliate.pdf,iindrayoni,YONI,8,ya,Belum ada rating,"Perawatan & Kec… , +2","9,5 jt",ONE LINK MEDIA,Owner yoni skincare | @VICHY.SHOP @YONI WEAR@MISS YON | https://msha.ke/yoniskinc…,Rp1JT+,"71,32 rb","Rp725,6rb","Rp178,2rb-Rp267,2rb","98,46%","0,36%","Kartu produk 1,18%; Perawatan & Ke… 100,00%",--,--,288,0,"Rp19,3rb",115,"13,2 rb","5,02%","Rp839,1rb",133,"383,98 rb","8,28%","52,27%","47,73%","12,40%","42,00%","27,60%","12,20%","5,80%",20 Agu 2026 - 19 Sep 2026,7494001240388633893,https://affiliate-id.tokopedia.com/affiliate/creator/detail?cid=7494001240388633893&pair_source=author_filter&enter_from=affiliate_find_creators&search_key=3rQi7G4Sj1lLxWPsACJqPYERyzrlbQ0aHWBdJr/U8WM=&req_id=&query=&shop_region=ID&shop_id=7495839165477914693
perawatan tangan & kaki,iketiaaa _ Tokopedia & Shop Affiliate.pdf,iketiaaa,Iketiaaa,7,ya,Belum ada rating,"Perawatan & Kec… , +2","40,2 rb",,Hi🌷pejuang glow up kumpul sini! | ‼️CURI VIDEO DENDA 200JT‼️ | https://www.instagram.c…,Rp1JT+,"27,53 rb",Rp137rb,"Rp0-Rp89,1rb","0,09%","99,75%","Perawatan & Ke… 99,67%; Kesehatan 0,15%; Kartu produk 0,16%; Fashion Muslim 0,15%; Lainnya 0,03%","97,53%",--,175,47,"Rp136,9rb",441,"1,06 rb","1,9%","Rp1,3jt",3,"18,94 rb","15,94%","19,88%","80,12%","27,70%","49,00%","15,40%","4,70%","3,20%",20 Agu 2026 - 19 Sep 2026,7494000813274531015,https://affiliate-id.tokopedia.com/affiliate/creator/detail?cid=7494000813274531015&pair_source=author_filter&enter_from=affiliate_find_creators&search_key=3rQi7G4Sj1lLxWPsACJqPYERyzrlbQ0aHWBdJr/U8WM=&req_id=&query=&shop_region=ID&shop_id=7495839165477914693
perawatan tangan & kaki,indrisaf1611 _ Tokopedia & Shop Affiliate.pdf,indrisaf1611,Barbiejowo09,7,ya,.,"Perawatan & Kec… , +2",2 jt,,BA @refliskin.id | selain akun ini lainya akunfake!! | BWX-PDN🤍 | Join DISTRIBUTOR/RESSELER DM TIKTOK❤️,"Rp1,8M","27,01 rb","Rp323,3rb","Rp90,9rb","94,97%","5,03%","Perawatan & Ke… 99,79%; Makanan & Min… 0,11%; Kesehatan 0,07%; Lainnya 0,03%",--,"8,5%",73,4,Rp52rb,74,"208,87 rb","3,02%","Rp446,7rb",79,"182,41 rb","29,39%","55,98%","44,02%","27,50%","52,20%","15,60%","3,00%","1,70%",20 Agu 2026 - 19 Sep 2026,7493997390854259742,https://affiliate-id.tokopedia.com/affiliate/creator/detail?cid=7493997390854259742&pair_source=author_filter&enter_from=affiliate_find_creators&search_key=6mEyOagMmXMMrGEHXaUYyMDU6RasTa4zrTP2jUdw31E=&req_id=&query=&shop_region=ID&shop_id=7495839165477914693
perawatan tangan & kaki,iqissyy___ _ Tokopedia & Shop Affiliate.pdf,iqissyy___,Glow with Me🍒💝,7,ya,Belum ada rating,"Perawatan & Kec… , +2","148,7 rb",YUXI JAYATAMA,‼️LIVE PROMO SETIAP HARI 24JAM NON STOP‼️ | 📩 FULL❌ close endorse sampai oktober🤍,"Rp2,5M","45,4 rb","Rp74,5rb","Rp58,3rb","8,43%","91,45%","Perawatan & Ke… 99,65%; Lainnya 0,15%; Koper & Tas 0,14%; Kartu produk 0,12%; Furnitur 0,06%","91,45%","6,54%",280,32,"Rp69,1rb","1,29 rb",926,"0,45%",Rp497rb,215,"51,61 rb","0,92%","21,52%","78,48%","14,40%","49,50%","26,40%","6,90%","2,80%",20 Agu 2026 - 19 Sep 2026,7494003997960406417,https://affiliate-id.tokopedia.com/affiliate/creator/detail?cid=7494003997960406417&pair_source=author_filter&enter_from=affiliate_find_creators&search_key=3rQi7G4Sj1lLxWPsACJqPYERyzrlbQ0aHWBdJr/U8WM=&req_id=&query=&shop_region=ID&shop_id=7495839165477914693
perawatan tangan & kaki,jojoandclaire _ Tokopedia & Shop Affiliate.pdf,jojoandclaire,jo & claire ˚⟡˖ ࣪,7,ya,Belum ada rating,"Perawatan & Kec… , +2","26,2 rb",,ugc-style creator | cp: +6287813125005 | ig: @jonathanlienardo & @claireptrcia,"Rp2,3M","67,1 rb","Rp41,2rb","Rp37,6rb","0,78%","99,18%","Perawatan & Ke… 94,80%; Kesehatan 4,46%; Lainnya 0,40%; Kartu produk 0,04%; Makanan & Min… 0,34%","92,85%","7,5%",101,55,"Rp40,8rb",123,"5,42 rb","1,41%",Rp983rb,1,"354,02 rb","0,48%","30,29%","69,71%","29,10%","44,30%","16,70%","6,00%","3,90%",20 Agu 2026 - 19 Sep 2026,7493998008716003056,https://affiliate-id.tokopedia.com/affiliate/creator/detail?cid=7493998008716003056&pair_source=author_filter&enter_from=affiliate_find_creators&search_key=3rQi7G4Sj1lLxWPsACJqPYERyzrlbQ0aHWBdJr/U8WM=&req_id=&query=&shop_region=ID&shop_id=7495839165477914693
perawatan tangan & kaki,jokray90 _ Tokopedia & Shop Affiliate.pdf,jokray90,Gabriella🐝,7,ya,Belum ada rating,"Perawatan & Kec… , +2","7,7 rb",,Info promo haircare 🛒🛍️ | Admin sibuk😋🖐🏻🐝 | Curi video denda 1jt/video,"Rp1,3M","12,62 rb",Rp72rb,"Rp110,9rb",,"99,95%","Perawatan & Ke… 90,34%; Perlengkapan R… 9,56%; Kartu produk 0,05%; Tekstil & Soft Fu… 0,07%; Lainnya 0,03%","92,59%",12%,206,18,Rp72rb,259,"1,44 rb","0,29%",Rp0,0,0,0%,"28,11%","71,89%","14,80%","45,90%","23,00%","10,30%","6,00%",20 Agu 2026 - 19 Sep 2026,7494677768444021031,https://affiliate-id.tokopedia.com/affiliate/creator/detail?cid=7494677768444021031&pair_source=author_filter&enter_from=affiliate_find_creators&search_key=6mEyOagMmXMMrGEHXaUYyMDU6RasTa4zrTP2jUdw31E=&req_id=&query=&shop_region=ID&shop_id=7495839165477914693
perawatan tangan & kaki,kismissreisha _ Tokopedia & Shop Affiliate.pdf,kismissreisha,Reisha Novandita,7,ya,Belum ada rating,"Perawatan & Kec… , +2",1 jt,CUANITY AFFILIATE PA…,✨travel enthusiast | @Noera By Reisha | JOIN AFFILIATE NOERA👇🏻 | https://linktr.ee/noerabyr…,Rp1JT+,"6,7 rb","Rp1,7jt","Rp267,4rb-Rp356,6rb","97,82%","0,40%","Perawatan & Ke… 69,40%; Kesehatan 30,42%; Kartu produk 1,78%; Lainnya 0,10%; Pakaian & Dala… 0,08%",--,--,164,2,Rp10rb,92,"3,54 rb","0,59%","Rp4,9jt",12,"83,36 rb","17,45%","45,76%","54,24%","27,10%","50,80%","17,30%","2,90%","1,90%",20 Agu 2026 - 19 Sep 2026,7494300786012555349,https://affiliate-id.tokopedia.com/affiliate/creator/detail?cid=7494300786012555349&pair_source=author_filter&enter_from=affiliate_find_creators&search_key=kef8LwjWevGlxECzf+6rE86BN3zFxOemiPtaXdpmlgQ=&req_id=&query=&shop_region=ID&shop_id=7495839165477914693
perawatan tangan & kaki,larissagrosir01 _ Tokopedia & Shop Affiliate.pdf,larissagrosir01,Larissagrosir1,7,ya,5.0,"Perawatan & Kec… , +2","730,2 rb",YUXI JAYATAMA,Surabaya | Yuk berteman di ig | Trina harmawan,Rp1JT+,"126,76 rb","Rp82,7rb","Rp0-Rp89,2rb","1,31%","98,66%","Perawatan & Ke… 90,22%; Pakaian Anak 3,59%; Ibu & Bayi 3,30%; Kartu produk 0,03%; Lainnya 2,89%","76,66%",--,987,170,"Rp81,8rb",365,"1,28 rb","0,53%","Rp516,2rb",42,"393,53 rb","0,24%","35,30%","64,70%","8,80%","36,10%","30,70%","17,00%","7,40%",20 Agu 2026 - 19 Sep 2026,7494685509502733119,https://affiliate-id.tokopedia.com/affiliate/creator/detail?cid=7494685509502733119&pair_source=author_filter&enter_from=affiliate_find_creators&search_key=kef8LwjWevGlxECzf+6rE86BN3zFxOemiPtaXdpmlgQ=&req_id=&query=&shop_region=ID&shop_id=7495839165477914693
perawatan tangan & kaki,letssgloow _ Tokopedia & Shop Affiliate.pdf,letssgloow,Aranxa Reyna,7,ya,Belum ada rating,"Perawatan & Kec… , +2","18,5 rb",CCWAVE INDONESIA,🌼✨‼️racun skincare and makeup! | ❌ Dilarang Curi Konten!,Rp1JT+,"44,17 rb","Rp64,2rb","Rp0-Rp89,2rb","14,10%","85,87%","Perawatan & Ke… 98,65%; Kesehatan 1,27%; Komputer & Per… 0,06%; Kartu produk 0,03%; Lainnya 0,02%","98,43%",--,491,58,"Rp55,4rb","1,51 rb",384,"0,5%","Rp2,1jt",93,"92,5 rb","1,03%","20,36%","79,64%","28,40%","48,00%","14,70%","4,90%","4,00%",20 Agu 2026 - 19 Sep 2026,7494766045333063700,https://affiliate-id.tokopedia.com/affiliate/creator/detail?cid=7494766045333063700&pair_source=author_filter&enter_from=affiliate_find_creators&search_key=kef8LwjWevGlxECzf+6rE86BN3zFxOemiPtaXdpmlgQ=&req_id=&query=&shop_region=ID&shop_id=7495839165477914693
perawatan tangan & kaki,liamasitohdianti _ Tokopedia & Shop Affiliate.pdf,liamasitohdianti,liamasitohdianti,7,ya,Belum ada rating,"Perawatan & Kec… , +2",11 rb,ALERA CORP.,allahumasolingalasayidinamuhammad 🤍Affiliate | top🥇 CAN BEAUTY 🖤✨,"Rp2,3M","16,95 rb","Rp113,7rb",Rp145rb,"1,53%","96,51%","Perawatan & Ke… 99,90%; Kesehatan 0,05%; Kartu produk 1,96%; Lainnya 0,03%; Pakaian & Dala… 0,02%",100%,6%,53,16,"Rp111,9rb",848,668,"0,73%","Rp3,3jt",2,"63,06 rb","2,66%","21,32%","78,68%","16,10%","63,10%","17,30%","2,10%","1,40%",20 Agu 2026 - 19 Sep 2026,7493996900058367531,https://affiliate-id.tokopedia.com/affiliate/creator/detail?cid=7493996900058367531&pair_source=author_filter&enter_from=affiliate_find_creators&search_key=kef8LwjWevGlxECzf+6rE86BN3zFxOemiPtaXdpmlgQ=&req_id=&query=&shop_region=ID&shop_id=7495839165477914693
perawatan tangan & kaki,lintangggdwn _ Tokopedia & Shop Affiliate.pdf,lintangggdwn,Lintangg🌷,7,ya,4.0,"Perawatan & Kec… , +2","26,3 rb",,beautycare | fashion | daily life🎀 | Review Bdycre Murah Tp Berkualitas | Endorsement Dm💌 | ig : lintangdwndaru,"Rp1,9M","46,66 rb","Rp67,3rb",Rp45rb,,"99,94%","Perawatan & Ke… 95,80%; Kesehatan 3,88%; Kartu produk 0,06%; Makanan & Min… 0,28%; Lainnya 0,04%","98,65%","7,5%",130,34,"Rp67,3rb",373,837,"1,18%",Rp0,0,0,0%,"59,40%","40,60%","28,80%","51,10%","13,80%","3,40%","2,90%",20 Agu 2026 - 19 Sep 2026,7495210605816023485,https://affiliate-id.tokopedia.com/affiliate/creator/detail?cid=7495210605816023485&pair_source=author_filter&enter_from=affiliate_find_creators&search_key=6mEyOagMmXMMrGEHXaUYyMDU6RasTa4zrTP2jUdw31E=&req_id=&query=&shop_region=ID&shop_id=7495839165477914693
perawatan tangan & kaki,liyaarasyaaa _ Tokopedia & Shop Affiliate.pdf,liyaarasyaaa,liyaarasyaaa,7,ya,Belum ada rating,"Perawatan & Kec… , +2","3,7 jt",Feat Agency,follow ig : liyaarasyaa | Endorsement: dm ig,"Rp1,6M","15,57 rb","Rp284,5rb","Rp125,2rb","91,19%","7,47%","Perawatan & Ke… 99,08%; Makanan & Min… 0,69%; Kesehatan 0,19%; Kartu produk 1,34%; Lainnya 0,04%","91,3%","7,5%",119,80,"Rp47,2rb",100,"33,04 rb","2,22%","Rp483,5rb",35,"387,85 rb","99,01%","39,14%","60,86%","35,00%","44,80%","13,90%","3,90%","2,40%",20 Agu 2026 - 19 Sep 2026,7494028351384225432,https://affiliate-id.tokopedia.com/affiliate/creator/detail?cid=7494028351384225432&pair_source=author_filter&enter_from=affiliate_find_creators&search_key=kef8LwjWevGlxECzf+6rE86BN3zFxOemiPtaXdpmlgQ=&req_id=&query=&shop_region=ID&shop_id=7495839165477914693
perawatan tangan & kaki,lovelyikrmh _ Tokopedia & Shop Affiliate.pdf,lovelyikrmh,ikrmhhrmdhnn,7,ya,Belum ada rating,"Perawatan & Kec… , +2","39,1 rb",,dilarang curi video ‼️ | ENDORSE DM | (bnyk promo di sini) | Creator Affiliate,Rp1JT+,"44,09 rb","Rp78,2rb","Rp0-Rp89,1rb",,"100,00%","Perawatan & Ke… 99,71%; Koper & Tas 0,16%; Aksesori Pakaian 0,10%; Lainnya 0,03%","81,33%",--,419,65,"Rp78,2rb",373,"1,21 rb","0,33%",Rp0,0,0,0%,"21,89%","78,11%","24,00%","44,70%","19,80%","7,80%","3,70%",20 Agu 2026 - 19 Sep 2026,7495541654218705336,https://affiliate-id.tokopedia.com/affiliate/creator/detail?cid=7495541654218705336&pair_source=author_filter&enter_from=affiliate_find_creators&search_key=3rQi7G4Sj1lLxWPsACJqPYERyzrlbQ0aHWBdJr/U8WM=&req_id=&query=&shop_region=ID&shop_id=7495839165477914693
perawatan tangan & kaki,maharanikemala _ Tokopedia & Shop Affiliate.pdf,maharanikemala,maharani kemala,7,ya,Belum ada rating,"Perawatan & Kec… , +2","4,1 jt",Nobi Project,MK SKIN @MK SKIN OFFICIAL | https://linktr.ee/mkskinof…,Rp1JT+,"105,69 rb","Rp71,1rb","Rp0-Rp89,2rb","31,16%","62,56%","Perawatan & Ke… 100,00%; Kartu produk 6,28%",50%,--,294,5,"Rp48,8rb",117,"264,88 rb","4,16%",Rp858rb,17,"766,65 rb","175,73%","29,66%","70,34%","21,70%","51,40%","19,60%","5,00%","2,30%",20 Agu 2026 - 19 Sep 2026,7493993524473267306,https://affiliate-id.tokopedia.com/affiliate/creator/detail?cid=7493993524473267306&pair_source=author_filter&enter_from=affiliate_find_creators&search_key=6mEyOagMmXMMrGEHXaUYyMDU6RasTa4zrTP2jUdw31E=&req_id=&query=&shop_region=ID&shop_id=7495839165477914693
perawatan tangan & kaki,melvinahusyanti96 _ Tokopedia & Shop Affiliate.pdf,melvinahusyanti96,OWNER DAVIENA SKINCARE,8,ya,Belum ada rating,"Perawatan & Kec… , +2","10,4 jt",,Powered by 𝐏𝐮𝐫𝐚𝐠𝐞𝐧 𝐇𝐲𝐛𝐫𝐢𝐝-𝐗𝐓™️ | ᴺᴱᵂ ᴾᴬᵀᴱᴺᵀ ᴾᴼᵀᴱᴺᵀ | @Daviena Skincare Official @davienaclinic | @Murah Nian Store | Global Media Agency | https://forms.gle/RCCmo…,Rp1JT+,"151,85 rb","Rp1,1jt","Rp89,1rb-Rp178,2rb","82,72%","3,64%","Perawatan & Ke… 99,99%; Kartu produk 13,64%; Lainnya 0,01%",--,--,42,2,"Rp101,2rb",86,"94,86 rb","5,7%",Rp2jt,8,"5,01 jt","69,24%","25,42%","74,58%","27,20%","49,30%","16,30%","4,20%","3,00%",20 Agu 2026 - 19 Sep 2026,7494668825275828643,https://affiliate-id.tokopedia.com/affiliate/creator/detail?cid=7494668825275828643&pair_source=author_filter&enter_from=affiliate_find_creators&search_key=3rQi7G4Sj1lLxWPsACJqPYERyzrlbQ0aHWBdJr/U8WM=&req_id=&query=&shop_region=ID&shop_id=7495839165477914693
perawatan tangan & kaki,miikaylahafizah _ Tokopedia & Shop Affiliate.pdf,miikaylahafizah,key🌻,7,ya,Belum ada rating,"Perawatan & Kec… , +2","85,1 rb",YUXI JAYATAMA,CREATOR BEAUTY 🧖🏼‍♀️ | DILARANG CURI VIDIO ⚠️‼️,Rp1JT+,"48,92 rb","Rp48,3rb","Rp0-Rp89,2rb",,"99,99%","Perawatan & Ke… 99,99%; Kartu produk 0,01%; Lainnya 0,01%","55,26%",--,177,31,"Rp48,3rb",63,"1,75 rb","0,35%",Rp0,0,1,0%,"31,40%","68,60%","22,50%","51,20%","18,80%","5,10%","2,40%",20 Agu 2026 - 19 Sep 2026,7494039024128853376,https://affiliate-id.tokopedia.com/affiliate/creator/detail?cid=7494039024128853376&pair_source=author_filter&enter_from=affiliate_find_creators&search_key=6mEyOagMmXMMrGEHXaUYyMDU6RasTa4zrTP2jUdw31E=&req_id=&query=&shop_region=ID&shop_id=7495839165477914693
perawatan tangan & kaki,nabellaolivia _ Tokopedia & Shop Affiliate.pdf,nabellaolivia,࣪Nabellaolivia,7,ya,1.0,"Perawatan & Kec… , +2","128,9 rb",CUANITY AFFILIATE PA…,Glowup with @Noera By Reisha | Skincare @Adleeva | Bantu follow @IniiNabella | Igoy : Nabellaoliviaaa,Rp1JT+,"12,23 rb","Rp1,9jt","Rp178,2rb-Rp267,3rb","95,50%","4,43%","Perawatan & Ke… 80,39%; Kesehatan 18,92%; Lainnya 0,46%; Kartu produk 0,07%; Ponsel & Elektro… 0,23%","91,77%",--,233,30,Rp191rb,162,"3,23 rb","1,04%","Rp3,2jt",88,"10,23 rb","22,81%","17,05%","82,95%","18,70%","55,30%","19,60%","4,40%","2,00%",20 Agu 2026 - 19 Sep 2026,7494000301158925559,https://affiliate-id.tokopedia.com/affiliate/creator/detail?cid=7494000301158925559&pair_source=author_filter&enter_from=affiliate_find_creators&search_key=3rQi7G4Sj1lLxWPsACJqPYERyzrlbQ0aHWBdJr/U8WM=&req_id=&query=&shop_region=ID&shop_id=7495839165477914693
perawatan tangan & kaki,nabiliana _ Tokopedia & Shop Affiliate.pdf,nabiliana,IG: nabilianaa,7,ya,1.0,"Perawatan & Kec… , +2",374 rb,Agensi Anak Bangsa,BEAUTY | Suka Live & Review | HARGA AMBYAR KHUSUS DI LIVE | CATET ! 06:00-malem⚡ | https://www.instagram.c…,"Rp1,3M","20,85 rb","Rp273,3rb","Rp78,8rb","61,33%","38,54%","Perawatan & Ke… 99,84%; Ibu & Bayi 0,09%; Lainnya 0,04%; Kartu produk 0,13%; Pakaian & Dala… 0,03%","98,12%","7,84%",247,44,"Rp118,6rb",19,"5,92 rb","0,19%","Rp1,5jt",31,"40,75 rb","3,89%","21,89%","78,11%","32,30%","50,40%","12,90%","3,00%","1,40%",20 Agu 2026 - 19 Sep 2026,7493990524623816323,https://affiliate-id.tokopedia.com/affiliate/creator/detail?cid=7493990524623816323&pair_source=author_filter&enter_from=affiliate_find_creators&search_key=kef8LwjWevGlxECzf+6rE86BN3zFxOemiPtaXdpmlgQ=&req_id=&query=&shop_region=ID&shop_id=7495839165477914693
perawatan tangan & kaki,nainboe25 _ Tokopedia & Shop Affiliate.pdf,nainboe25,Ninahunaeni,7,ya,Belum ada rating,"Perawatan & Kec… , +2",42 rb,,sharing things I love ♡ | 🛍️ everything I recommend ↓,Rp1JT+,"30,62 rb","Rp54,2rb","Rp0-Rp89,1rb",,"99,99%","Perawatan & Ke… 98,16%; Aksesori Pakaian 1,33%; Kartu produk 0,01%; Pakaian & Dala… 0,37%; Lainnya 0,14%","86,69%",--,466,93,"Rp54,2rb",795,612,"0,55%",Rp0,0,0,0%,"19,19%","80,81%","31,40%","45,00%","15,10%","5,10%","3,40%",20 Agu 2026 - 19 Sep 2026,7495176969797536473,https://affiliate-id.tokopedia.com/affiliate/creator/detail?cid=7495176969797536473&pair_source=author_filter&enter_from=affiliate_find_creators&search_key=3rQi7G4Sj1lLxWPsACJqPYERyzrlbQ0aHWBdJr/U8WM=&req_id=&query=&shop_region=ID&shop_id=7495839165477914693
perawatan tangan & kaki,nazwahidayat_real _ Tokopedia & Shop Affiliate.pdf,nazwahidayat_real,nazwahidayat,7,ya,Belum ada rating,"Perawatan & Kec… , +2","297,9 rb",AVW Agency,BEAUTY CREATOR | AKUN REAL HANYA INI SAJA | ❌SELAIN INI BUKAN AKU❌ | ‼️CURI VIDEO DENDA 100JT‼️ | Bussines inq DM💌,"Rp3,8M","57,75 rb","Rp92,3rb","Rp70,5rb","5,53%","94,39%","Perawatan & Ke… 99,97%; Kesehatan 0,02%; Kartu produk 0,08%; Lainnya 0,01%","52,77%","7,5%",260,55,"Rp87,7rb",239,"1,31 rb","0,53%","Rp873,4rb",74,"220,56 rb","0,7%","24,30%","75,70%","9,30%","34,20%","29,20%","17,80%","9,50%",20 Agu 2026 - 19 Sep 2026,7494505502134143519,https://affiliate-id.tokopedia.com/affiliate/creator/detail?cid=7494505502134143519&pair_source=author_filter&enter_from=affiliate_find_creators&search_key=kef8LwjWevGlxECzf+6rE86BN3zFxOemiPtaXdpmlgQ=&req_id=&query=&shop_region=ID&shop_id=7495839165477914693
perawatan tangan & kaki,nblfay _ Tokopedia & Shop Affiliate.pdf,nblfay,,,ya,,,,,nblfay | Tokopedia & Shop Affiliate | Affiliate Center | Pesan kreator | Bantuan | GMV per saluran penjualan | GMV berdasarkan kategori produk | Beranda,,,,,,"99,98%",,"93,75%","9,5%",33,14,Rp40rb,107,"4,49 rb","0,62%",Rp0,0,0,0%,"24,97%","75,03%","29,20%","48,40%","15,40%","3,50%","3,50%",20 Agu 2026 - 19 Sep 2026,7496291950862895564,https://affiliate-id.tokopedia.com/affiliate/creator/detail?cid=7496291950862895564&pair_source=author_filter&enter_from=affiliate_find_creators&search_key=3rQi7G4Sj1lLxWPsACJqPYERyzrlbQ0aHWBdJr/U8WM=&req_id=&query=&shop_region=ID&shop_id=7495839165477914693
perawatan tangan & kaki,nnadhiifa _ Tokopedia & Shop Affiliate.pdf,nnadhiifa,nad⋆୨୧˚,7,ya,Belum ada rating,"Perawatan & Kec… , +2","152,8 rb",,business inq DM 💌 | bodycare | skincare | makeup | @Adleeva⋆.,"Rp1,7M","23,25 rb","Rp534,2rb","Rp86,6rb","90,92%","8,96%","Perawatan & Ke… 99,96%; Lainnya 0,02%; Olahraga & Out… 0,01%; Kartu produk 0,12%; Renovasi Rumah 0,01%","73,75%",10%,66,19,"Rp73,4rb",29,"7,18 rb","1,22%","Rp1,4jt",23,"185,74 rb","13,95%","16,78%","83,22%","28,50%","52,20%","13,30%","3,40%","2,60%",20 Agu 2026 - 19 Sep 2026,7495983697848338539,https://affiliate-id.tokopedia.com/affiliate/creator/detail?cid=7495983697848338539&pair_source=author_filter&enter_from=affiliate_find_creators&search_key=3rQi7G4Sj1lLxWPsACJqPYERyzrlbQ0aHWBdJr/U8WM=&req_id=&query=&shop_region=ID&shop_id=7495839165477914693
perawatan tangan & kaki,nurejayanti _ Tokopedia & Shop Affiliate.pdf,nurejayanti,Nure Jayanti,7,ya,Belum ada rating,"Perawatan & Kec… , +2","9,7 rb",,REAL AKUN | • Skincare • Bodycare • Multivitamin,"Rp1,3M","8,54 rb","Rp293,1rb","Rp161,7rb","5,76%","94,12%","Perawatan & Ke… 97,35%; Ibu & Bayi 2,62%; Lainnya 0,02%; Kartu produk 0,12%; Kesehatan 0,01%",100%,"15,84%",81,13,"Rp279,2rb",268,701,"0,66%","Rp1,5jt",33,"20,44 rb","3,5%","26,58%","73,42%","8,90%","41,40%","30,10%","14,40%","5,20%",20 Agu 2026 - 19 Sep 2026,7494787066823477523,https://affiliate-id.tokopedia.com/affiliate/creator/detail?cid=7494787066823477523&pair_source=author_filter&enter_from=affiliate_find_creators&search_key=kef8LwjWevGlxECzf+6rE86BN3zFxOemiPtaXdpmlgQ=&req_id=&query=&shop_region=ID&shop_id=7495839165477914693
perawatan tangan & kaki,ochiehilman _ Tokopedia & Shop Affiliate.pdf,ochiehilman,Ochie Hilman,7,ya,Belum ada rating,"Perawatan & Kec… , +2","355,7 rb",,OWNER:@Glykis Official @MATPECI Super Store | BA@GLOWVEIL & MRF | PARFUME@hi.prima@WIMAYAMASLUXURY.ID | @glowbe.beauty@Osyin glow Kerjasama Dm❤️,"Rp1,4M","29,23 rb","Rp130,1rb","Rp56,5rb","87,93%","12,07%","Perawatan & Ke… 97,46%; Pakaian & Dala… 1,03%; Lainnya 0,91%; Fashion Muslim 0,60%","41,43%","5,5%",103,23,"Rp27,3rb",59,"331,68 rb","3,18%","Rp269,1rb",58,"309,08 rb","4,76%","23,36%","76,64%","11,30%","51,40%","25,70%","8,20%","3,40%",20 Agu 2026 - 19 Sep 2026,7493997465265079551,https://affiliate-id.tokopedia.com/affiliate/creator/detail?cid=7493997465265079551&pair_source=author_filter&enter_from=affiliate_find_creators&search_key=3rQi7G4Sj1lLxWPsACJqPYERyzrlbQ0aHWBdJr/U8WM=&req_id=&query=&shop_region=ID&shop_id=7495839165477914693
perawatan tangan & kaki,opyhandikaa _ Tokopedia & Shop Affiliate.pdf,opyhandikaa,Owner Gloglowing,7,ya,Belum ada rating,"Perawatan & Kec… , +2","1,8 jt",,@gloglowingofficial_ | @GLOGLOWING AESTHETIC (5 CBG ) | @D’modern kost Indramayu | https://gloglowingskincar…,"Rp4,2M","25,71 rb","Rp2,2jt","Rp266,5rb","90,14%",,"Perawatan & Ke… 99,81%; Pakaian & Dala… 0,11%; Kartu produk 9,86%; Lainnya 0,05%; Koper & Tas 0,03%",--,"6,5%",215,0,Rp0,336,5,"3,28%","Rp2,2jt",70,"83,08 rb","8,47%","33,26%","66,74%","35,60%","45,20%","12,90%","3,00%","3,30%",20 Agu 2026 - 19 Sep 2026,7493994369906214427,https://affiliate-id.tokopedia.com/affiliate/creator/detail?cid=7493994369906214427&pair_source=author_filter&enter_from=affiliate_find_creators&search_key=kef8LwjWevGlxECzf+6rE86BN3zFxOemiPtaXdpmlgQ=&req_id=&query=&shop_region=ID&shop_id=7495839165477914693
perawatan tangan & kaki,padalaris18 _ Tokopedia & Shop Affiliate.pdf,padalaris18,Padalaris,7,ya,Belum ada rating,"Perawatan & Kec… , +2","14,6 rb",TODASUN,•PUSAT HERBAL BAHAN ALAMI🍀 | •GARANSI ORIGINAL 💯 | •PENGIRIMAN CEPAT🚚 | •GRATIS KONSULTASI 📞 | •KLIK👇🏻 SHOWCASE UNTUK PEMBELIAN,"Rp1,5M","36,01 rb","Rp62,3rb","Rp44,6rb",,"99,97%","Perawatan & Ke… 93,25%; Kesehatan 4,64%; Kartu produk 0,03%; Makanan & Min… 2,06%; Lainnya 0,05%","97,61%","9,99%",174,36,"Rp62,3rb",368,703,"0,61%",Rp0,0,0,0%,"48,14%","51,86%","8,90%","27,90%","27,80%","23,40%","12,00%",20 Agu 2026 - 19 Sep 2026,7494203696341943787,https://affiliate-id.tokopedia.com/affiliate/creator/detail?cid=7494203696341943787&pair_source=author_filter&enter_from=affiliate_find_creators&search_key=3rQi7G4Sj1lLxWPsACJqPYERyzrlbQ0aHWBdJr/U8WM=&req_id=&query=&shop_region=ID&shop_id=7495839165477914693
perawatan tangan & kaki,payy______sya _ Tokopedia & Shop Affiliate.pdf,payy______sya,salmiaw🧖🏻‍♀️,7,ya,Belum ada rating,"Perawatan & Kec… , +2","318,4 rb",Agensi Anak Bangsa,KAK SPILL BODYCARE?🧖🏻‍♀️ | BA @glowsichaofficial | CURI VT DENDA 100jt | https://aboutme.style/pay…,Rp1JT+,"102,7 rb","Rp67,1rb","Rp0-Rp89,2rb","0,01%","99,64%","Perawatan & Ke… 98,81%; Kesehatan 0,55%; Kartu produk 0,35%; Lainnya 0,49%; Aksesori Pakaian 0,15%","68,65%",--,345,84,"Rp67,1rb",145,"7,39 rb","1,53%",--,0,1,0%,"61,11%","38,89%","35,50%","48,40%","10,80%","3,00%","2,30%",20 Agu 2026 - 19 Sep 2026,7493993684735919108,https://affiliate-id.tokopedia.com/affiliate/creator/detail?cid=7493993684735919108&pair_source=author_filter&enter_from=affiliate_find_creators&search_key=kef8LwjWevGlxECzf+6rE86BN3zFxOemiPtaXdpmlgQ=&req_id=&query=&shop_region=ID&shop_id=7495839165477914693
perawatan tangan & kaki,pilihan_netizen.id _ Tokopedia & Shop Affiliate.pdf,pilihan_netizen.id,ProdukNgehits,7,ya,Belum ada rating,"Perawatan & Kec… , +2","18,7 rb",,Tempatnya produk viral & trending ✨ | Auto | checkout kalau cocok 😍 | Makasih udah support,"Rp2,6M","79,35 rb","Rp52,4rb","Rp37,2rb",,"99,94%","Perawatan & Ke… 86,86%; Pakaian & Dala… 11,85%; Kartu produk 0,06%; Koper & Tas 1,07%; Lainnya 0,22%",75%,"8,07%",100,21,"Rp52,4rb",167,456,"1,24%",Rp0,0,0,0%,"23,40%","76,60%","25,40%","41,60%","19,90%","8,10%","5,00%",20 Agu 2026 - 19 Sep 2026,7495012777825503621,https://affiliate-id.tokopedia.com/affiliate/creator/detail?cid=7495012777825503621&pair_source=author_filter&enter_from=affiliate_find_creators&search_key=kef8LwjWevGlxECzf+6rE86BN3zFxOemiPtaXdpmlgQ=&req_id=&query=&shop_region=ID&shop_id=7495839165477914693
perawatan tangan & kaki,pretty.withcaa _ Tokopedia & Shop Affiliate.pdf,pretty.withcaa,pretty.withcaa,7,ya,Belum ada rating,"Perawatan & Kec… , +2","214,6 rb",YUXI JAYATAMA,‼️ LIVE SETIAP HARI ‼️ | Skincare & Beauty | Cek Showcase,"Rp1,4M","13,09 rb","Rp608,3rb","Rp124,8rb","84,22%","15,74%","Perawatan & Ke… 99,57%; Ibu & Bayi 0,42%; Kartu produk 0,04%; Lainnya 0,01%","94,23%","8,5%",324,20,"Rp136,6rb",631,442,"5,79%","Rp1,7jt",37,"106,2 rb","1,1%","21,74%","78,26%","17,50%","54,10%","22,00%","4,30%","2,10%",20 Agu 2026 - 19 Sep 2026,7493990926438270871,https://affiliate-id.tokopedia.com/affiliate/creator/detail?cid=7493990926438270871&pair_source=author_filter&enter_from=affiliate_find_creators&search_key=kef8LwjWevGlxECzf+6rE86BN3zFxOemiPtaXdpmlgQ=&req_id=&query=&shop_region=ID&shop_id=7495839165477914693
perawatan tangan & kaki,priskilakaylaa _ Tokopedia & Shop Affiliate.pdf,priskilakaylaa,priskaylaa˚ ˙⋆,7,ya,Belum ada rating,"Perawatan & Kec… , +2","10,6 rb",CUANITY AFFILIATE PA…,bodycare | skincare | makeup 💖 | bussiness Inq = DM💬,Rp1JT+,"77,74 rb","Rp50,1rb","Rp0-Rp89,1rb",,"99,97%","Perawatan & Ke… 99,91%; Kesehatan 0,07%; Kartu produk 0,03%; Lainnya 0,02%","79,53%",--,105,47,"Rp50,1rb",387,"4,63 rb","0,86%",Rp0,0,0,0%,"24,06%","75,94%","33,70%","48,20%","12,00%","3,00%","3,10%",20 Agu 2026 - 19 Sep 2026,7493998043365148003,https://affiliate-id.tokopedia.com/affiliate/creator/detail?cid=7493998043365148003&pair_source=author_filter&enter_from=affiliate_find_creators&search_key=3rQi7G4Sj1lLxWPsACJqPYERyzrlbQ0aHWBdJr/U8WM=&req_id=&query=&shop_region=ID&shop_id=7495839165477914693
perawatan tangan & kaki,pukisscomel _ Tokopedia & Shop Affiliate.pdf,pukisscomel,Pukisscomel,7,ya,Belum ada rating,"Perawatan & Kec… , +2","52,3 rb",,Babu @Mengilang | ⬇️⬇️TOKREN⬇️⬇️ | https://s.shopee.co.id/7K…,"Rp2,4M","7,78 rb","Rp4,4jt","Rp842,5rb","99,89%","0,10%","Perawatan & Ke… 100,00%; Kartu produk 0,01%",--,5%,75,28,"Rp10,7rb",28,"3,38 rb","0,82%","Rp7,6jt",180,"4,63 rb","3,95%","75,29%","24,71%","29,80%","47,20%","13,90%","4,60%","4,50%",20 Agu 2026 - 19 Sep 2026,7494073637776360468,https://affiliate-id.tokopedia.com/affiliate/creator/detail?cid=7494073637776360468&pair_source=author_filter&enter_from=affiliate_find_creators&search_key=kef8LwjWevGlxECzf+6rE86BN3zFxOemiPtaXdpmlgQ=&req_id=&query=&shop_region=ID&shop_id=7495839165477914693
perawatan tangan & kaki,punyashanumm _ Tokopedia & Shop Affiliate.pdf,punyashanumm,Shanum 🌻,7,ya,...,"Perawatan & Kec… , +2","80,7 rb",Agensi Anak Bangsa,Hello... | Lifestyle & Beauty Creator ☁️ | Skincare • Fashion • Daily vlog | Let’s work together ✨ | Open collaboration 💌,"Rp1,6M","20,24 rb","Rp150,3rb","Rp85,2rb",,"99,96%","Perawatan & Ke… 99,86%; Fashion Muslim 0,09%; Kartu produk 0,04%; Pakaian & Dala… 0,03%; Lainnya 0,02%",100%,"6,52%",156,27,"Rp150,3rb",173,"4,02 rb","0,53%",Rp0,0,0,0%,"75,84%","24,16%","9,40%","48,80%","26,30%","10,20%","5,30%",20 Agu 2026 - 19 Sep 2026,7496236079411071649,https://affiliate-id.tokopedia.com/affiliate/creator/detail?cid=7496236079411071649&pair_source=author_filter&enter_from=affiliate_find_creators&search_key=kef8LwjWevGlxECzf+6rE86BN3zFxOemiPtaXdpmlgQ=&req_id=&query=&shop_region=ID&shop_id=7495839165477914693
perawatan tangan & kaki,racunhana _ Tokopedia & Shop Affiliate.pdf,racunhana,Hanaaow,7,ya,Belum ada rating,"Perawatan & Kec… , +2","49,5 rb",AFTER Affiliate Partner,Live tiap hari‼️ | BA @Aftermyskin | Endors/businnes dm💌 | TIDAK ADA AKUN LAIN!!,"Rp1,8M","17,03 rb",Rp2jt,"Rp115,5rb","99,65%","0,29%","Perawatan & Ke… 99,97%; Kesehatan 0,02%; Kartu produk 0,06%; Lainnya 0,01%",100%,10%,64,12,"Rp57,7rb",109,484,"5,87%","Rp2,3jt",306,"33,73 rb","1,82%","17,64%","82,36%","29,60%","50,80%","13,10%","3,40%","3,10%",20 Agu 2026 - 19 Sep 2026,7496156545649314800,https://affiliate-id.tokopedia.com/affiliate/creator/detail?cid=7496156545649314800&pair_source=author_filter&enter_from=affiliate_find_creators&search_key=3rQi7G4Sj1lLxWPsACJqPYERyzrlbQ0aHWBdJr/U8WM=&req_id=&query=&shop_region=ID&shop_id=7495839165477914693
perawatan tangan & kaki,ratih_ra1 _ Tokopedia & Shop Affiliate.pdf,ratih_ra1,Ratih🦋,7,ya,1.0,"Perawatan & Kec… , +2","171,8 rb",,BISMILLAH ✨🤍 | BELI DI KERANJANG KUNING | ⤵️⤵️⤵️,"Rp1,3M","27,7 rb","Rp74,4rb","Rp49,2rb",,"99,93%","Perawatan & Ke… 99,92%; Makanan & Min… 0,05%; Kartu produk 0,07%; Lainnya 0,02%; Pakaian & Dala… 0,01%","87,8%","8,49%",115,31,"Rp74,4rb",173,956,"0,65%",Rp0,0,0,0%,"22,26%","77,74%","14,10%","47,40%","25,40%","9,20%","3,90%",20 Agu 2026 - 19 Sep 2026,7494000524222497883,https://affiliate-id.tokopedia.com/affiliate/creator/detail?cid=7494000524222497883&pair_source=author_filter&enter_from=affiliate_find_creators&search_key=kef8LwjWevGlxECzf+6rE86BN3zFxOemiPtaXdpmlgQ=&req_id=&query=&shop_region=ID&shop_id=7495839165477914693
perawatan tangan & kaki,ratna038871 _ Tokopedia & Shop Affiliate.pdf,ratna038871,Kadek,7,ya,Belum ada rating,"Perawatan & Kec… , +2","457,6 rb",,❤️ akun kedua ku ya,"Rp4,2M","40,42 rb","Rp1,4jt","Rp207,2rb","99,15%","0,43%","Perawatan & Ke… 94,60%; Pakaian & Dala… 5,10%; Fashion Muslim 0,28%; Kartu produk 0,42%; Lainnya 0,02%",0%,10%,202,10,Rp36rb,61,"50,77 rb","4,33%","Rp1,7jt",35,"206,96 rb","45,43%","45,30%","54,70%","8,50%","39,50%","32,70%","13,40%","5,90%",20 Agu 2026 - 19 Sep 2026,7496232081509288589,https://affiliate-id.tokopedia.com/affiliate/creator/detail?cid=7496232081509288589&pair_source=author_filter&enter_from=affiliate_find_creators&search_key=kef8LwjWevGlxECzf+6rE86BN3zFxOemiPtaXdpmlgQ=&req_id=&query=&shop_region=ID&shop_id=7495839165477914693
perawatan tangan & kaki,rival_amir03 _ Tokopedia & Shop Affiliate.pdf,rival_amir03,IVAL🐈,7,ya,Belum ada rating,"Perawatan & Kec… , +2","10,2 jt",,Traveling & Adventure🌊🍃 | IG: @rival_amir01 | Jangan lupa bersyukur | Part of FYC | FYC,Rp1JT+,"32,68 rb","Rp35,7rb","Rp0-Rp89,2rb","0,72%","97,03%","Perawatan & Ke… 99,95%; Kartu produk 2,25%; Kesehatan 0,03%; Lainnya 0,02%",25%,--,81,8,"Rp35,5rb",444,"9,62 rb","0,74%","Rp293,6rb",2,"571,36 rb","2,65%","56,60%","43,40%","39,40%","41,10%","11,90%","3,60%","4,00%",20 Agu 2026 - 19 Sep 2026,7494046081893762587,https://affiliate-id.tokopedia.com/affiliate/creator/detail?cid=7494046081893762587&pair_source=author_filter&enter_from=affiliate_find_creators&search_key=kef8LwjWevGlxECzf+6rE86BN3zFxOemiPtaXdpmlgQ=&req_id=&query=&shop_region=ID&shop_id=7495839165477914693
perawatan tangan & kaki,sahrilputraambiva _ Tokopedia & Shop Affiliate.pdf,sahrilputraambiva,Anakrantau,7,ya,Belum ada rating,"Perawatan & Kec… , +2","35,6 rb",AVW Agency,📍 : Yogyakarta,Rp1JT+,"19,08 rb","Rp611,3rb","Rp0-Rp89,1rb","95,39%","4,39%","Perawatan & Ke… 99,98%; Lainnya 0,02%; Kartu produk 0,22%",100%,--,55,3,"Rp38,9rb",33,"15,57 rb","1,66%","Rp1,9jt",40,"117,36 rb","30,76%","26,53%","73,47%","12,60%","51,10%","26,40%","7,30%","2,60%",20 Agu 2026 - 19 Sep 2026,7494002959945467742,https://affiliate-id.tokopedia.com/affiliate/creator/detail?cid=7494002959945467742&pair_source=author_filter&enter_from=affiliate_find_creators&search_key=3rQi7G4Sj1lLxWPsACJqPYERyzrlbQ0aHWBdJr/U8WM=&req_id=&query=&shop_region=ID&shop_id=7495839165477914693
perawatan tangan & kaki,sharonatashaa _ Tokopedia & Shop Affiliate.pdf,sharonatashaa,Sharon Nat,7,ya,Belum ada rating,"Perawatan & Kec… , +2","297,2 rb",,Belum ada bio | https://www.instagram.c…,Rp1JT+,"34,34 rb","Rp51,7rb","Rp0-Rp89,1rb","1,25%","98,61%","Perawatan & Ke… 95,55%; Kesehatan 2,87%; Pakaian & Dala… 1,37%; Kartu produk 0,14%; Lainnya 0,21%",80%,--,398,90,"Rp51,1rb",118,"14,93 rb","1,03%","Rp5,5jt",1,"251,29 rb","1,19%","43,10%","56,90%","18,00%","52,60%","21,60%","6,00%","1,80%",20 Agu 2026 - 19 Sep 2026,7494003257118393376,https://affiliate-id.tokopedia.com/affiliate/creator/detail?cid=7494003257118393376&pair_source=author_filter&enter_from=affiliate_find_creators&search_key=3rQi7G4Sj1lLxWPsACJqPYERyzrlbQ0aHWBdJr/U8WM=&req_id=&query=&shop_region=ID&shop_id=7495839165477914693
perawatan tangan & kaki,sheillyakho _ Tokopedia & Shop Affiliate.pdf,sheillyakho,shei ⋅˚₊‧ ୨୧ ‧₊˚ ⋅,7,ya,Belum ada rating,"Perawatan & Kec… , +2","100,2 rb",,beauty reviews from the heart ₊˚⊹ | inq: 0878-8792-6020 (shei),"Rp2,1M","24,47 rb","Rp74,7rb","Rp89,9rb",,"99,94%","Perawatan & Ke… 99,64%; Kesehatan 0,33%; Kartu produk 0,06%; Lainnya 0,02%; Perlengkapan R… 0,01%",50%,5%,360,91,"Rp74,7rb",34,"23,54 rb","1,21%",Rp0,0,0,0%,"27,57%","72,43%","21,30%","45,90%","20,00%","8,40%","4,40%",20 Agu 2026 - 19 Sep 2026,7493993120214975600,https://affiliate-id.tokopedia.com/affiliate/creator/detail?cid=7493993120214975600&pair_source=author_filter&enter_from=affiliate_find_creators&search_key=kef8LwjWevGlxECzf+6rE86BN3zFxOemiPtaXdpmlgQ=&req_id=&query=&shop_region=ID&shop_id=7495839165477914693
perawatan tangan & kaki,si.tiiiii _ Tokopedia & Shop Affiliate.pdf,si.tiiiii,mifta,7,ya,Belum ada rating,"Perawatan & Kec… , +2","31,2 rb",YUXI JAYATAMA,Rekomendasi skincare disc up to 50% | CURI VIDIO DENDA 10jt,Rp1JT+,"30,61 rb","Rp66,8rb","Rp0-Rp89,1rb",,"99,98%","Perawatan & Ke… 99,88%; Pakaian Anak 0,07%; Kartu produk 0,02%; Lainnya 0,04%; Ibu & Bayi 0,01%","96,84%",--,517,73,"Rp66,8rb",274,"1,49 rb","0,56%",Rp0,0,1,0%,"20,48%","79,52%","19,90%","51,00%","19,80%","6,30%","3,00%",20 Agu 2026 - 19 Sep 2026,7494004021285717059,https://affiliate-id.tokopedia.com/affiliate/creator/detail?cid=7494004021285717059&pair_source=author_filter&enter_from=affiliate_find_creators&search_key=3rQi7G4Sj1lLxWPsACJqPYERyzrlbQ0aHWBdJr/U8WM=&req_id=&query=&shop_region=ID&shop_id=7495839165477914693
perawatan tangan & kaki,sifanr_ _ Tokopedia & Shop Affiliate.pdf,sifanr_,. 𐙚˚࿔ Cipa 𝜗𝜚˚⋆,7,ya,Belum ada rating,"Perawatan & Kec… , +2","73,5 rb",Agensi Anak Bangsa,✨Live setiap hari✨ | ❗️Curi vt dosa❗️ | DM for bussines inq 📩 | https://www.instagram.c…,"Rp3,4M","36,21 rb","Rp559,1rb","Rp126,6rb","76,85%","23,02%","Perawatan & Ke… 99,98%; Ibu & Bayi 0,01%; Kartu produk 0,13%; Lainnya 0,01%","93,87%",8%,269,30,"Rp157,9rb",259,"2,12 rb","0,54%","Rp2,3jt",14,"93,45 rb","1,53%","26,21%","73,79%","20,10%","49,50%","19,60%","7,10%","3,70%",20 Agu 2026 - 19 Sep 2026,7494958396207630915,https://affiliate-id.tokopedia.com/affiliate/creator/detail?cid=7494958396207630915&pair_source=author_filter&enter_from=affiliate_find_creators&search_key=kef8LwjWevGlxECzf+6rE86BN3zFxOemiPtaXdpmlgQ=&req_id=&query=&shop_region=ID&shop_id=7495839165477914693
perawatan tangan & kaki,smongko77 _ Tokopedia & Shop Affiliate.pdf,smongko77,Tri Aprilia,7,ya,Belum ada rating,"Perawatan & Kec… , +2","29,6 rb",,Belum ada bio,"Rp1,5M","14,14 rb","Rp97,1rb","Rp122,6rb",,"99,57%","Perawatan & Ke… 99,79%; Pakaian & Dala… 0,15%; Kartu produk 0,43%; Lainnya 0,05%; Pakaian & Dala… 0,01%","79,46%","8,5%",144,35,"Rp97,1rb",941,543,"0,86%",Rp0,0,0,0%,"28,47%","71,53%","18,00%","47,50%","22,00%","8,60%","3,90%",20 Agu 2026 - 19 Sep 2026,7494001765920375834,https://affiliate-id.tokopedia.com/affiliate/creator/detail?cid=7494001765920375834&pair_source=author_filter&enter_from=affiliate_find_creators&search_key=kef8LwjWevGlxECzf+6rE86BN3zFxOemiPtaXdpmlgQ=&req_id=&query=&shop_region=ID&shop_id=7495839165477914693
perawatan tangan & kaki,thisisalulaa _ Tokopedia & Shop Affiliate.pdf,thisisalulaa,Lula 🌸,7,ya,Belum ada rating,"Perawatan & Kec… , +2","234,8 rb",,"Sharing my favorites as a specialist | bodycare holic! | Beauty, travel, food ⸜(｡˃ ᵕ ˂ )⸝♡ | behind @Lumos’a | Business inquiry pls dm @itsghallz on ig | https://mycollection.shop…",Rp1JT+,"46,04 rb","Rp71,9rb","Rp0-Rp89,2rb","0,01%","99,79%","Perawatan & Ke… 98,80%; Kesehatan 1,11%; Kartu produk 0,20%; Ibu & Bayi 0,06%; Lainnya 0,03%",50%,--,224,75,"Rp71,9rb",181,"2,75 rb","1,22%","Rp231,2rb",1,"44,46 rb","1,15%","24,21%","75,79%","36,60%","46,60%","10,80%","3,10%","2,90%",20 Agu 2026 - 19 Sep 2026,7494001508176725311,https://affiliate-id.tokopedia.com/affiliate/creator/detail?cid=7494001508176725311&pair_source=author_filter&enter_from=affiliate_find_creators&search_key=6mEyOagMmXMMrGEHXaUYyMDU6RasTa4zrTP2jUdw31E=&req_id=&query=&shop_region=ID&shop_id=7495839165477914693
perawatan tangan & kaki,waldyaurora96 _ Tokopedia & Shop Affiliate.pdf,waldyaurora96,Waldy Aurora96✨,7,ya,4.0,"Perawatan & Kec… , +2","108,5 rb",,"Hairstyls,beauty and Daily😎👑 | Bisnis : 082252801460 | bantu follow Ig : ary_waldy96 | Curi video denda 100Jt👊",Rp1JT+,"40,35 rb","Rp39,8rb","Rp0-Rp89,2rb","0,02%","99,98%","Perawatan & Ke… 99,85%; Lainnya 0,09%; Perlengkapan R… 0,04%; Pakaian & Dala… 0,02%","94,52%",--,99,56,"Rp39,7rb",267,"1,4 rb","0,5%","Rp382,5jt",0,1,0%,"31,75%","68,25%","31,90%","35,10%","18,60%","7,50%","6,90%",20 Agu 2026 - 19 Sep 2026,7494000143401387023,https://affiliate-id.tokopedia.com/affiliate/creator/detail?cid=7494000143401387023&pair_source=author_filter&enter_from=affiliate_find_creators&search_key=6mEyOagMmXMMrGEHXaUYyMDU6RasTa4zrTP2jUdw31E=&req_id=&query=&shop_region=ID&shop_id=7495839165477914693
perawatan tangan & kaki,wdh__ _ Tokopedia & Shop Affiliate.pdf,wdh__,WDH,7,ya,Belum ada rating,"Perawatan & Kec… , +2","2,1 jt",CUANITY AFFILIATE PA…,𝒊𝒈 : 𝒘𝒊𝒅𝒚𝒂𝒅𝒘𝒊𝒉𝒂𝒓𝒅𝒊𝒂𝒏 | 𝒃𝒖𝒔𝒊𝒏𝒆𝒔𝒔 𝒊𝒏𝒒𝒖𝒊𝒓𝒊𝒆𝒔 𝑫𝑴,Rp1JT+,"16,09 rb","Rp138,7rb","Rp178,2rb-Rp267,2rb","77,00%","22,69%","Perawatan & Ke… 92,18%; Kesehatan 7,72%; Makanan & Min… 0,07%; Kartu produk 0,31%; Lainnya 0,03%","94,4%",--,179,15,"Rp36,9rb",335,"13,82 rb","0,84%","Rp738,5rb",109,"40,66 rb","4,08%","50,84%","49,16%","28,00%","48,10%","17,40%","4,60%","1,90%",20 Agu 2026 - 19 Sep 2026,7493991129672615302,https://affiliate-id.tokopedia.com/affiliate/creator/detail?cid=7493991129672615302&pair_source=author_filter&enter_from=affiliate_find_creators&search_key=3rQi7G4Sj1lLxWPsACJqPYERyzrlbQ0aHWBdJr/U8WM=&req_id=&query=&shop_region=ID&shop_id=7495839165477914693
perawatan tangan & kaki,windychayra79 _ Tokopedia & Shop Affiliate.pdf,windychayra79,Windychayra79,7,ya,1.4,"Perawatan & Kec… , +2","21,5 rb",,"hi 👋 | Beauty, bulumata, lem eyelash | *Curi video dan suara denda‼️ | *Business dm💌","Rp2,5M","128,18 rb","Rp40,6rb","Rp23,9rb","0,01%","99,95%","Perawatan & Ke… 99,98%; Kartu produk 0,04%; Peralatan Ruma… 0,01%; Lainnya 0,01%","99,19%","7,5%",221,57,"Rp40,6rb",415,"4,13 rb","0,58%","Rp293,1rb",4,"50,17 rb","1,24%","28,01%","71,99%","20,80%","48,30%","21,20%","6,50%","3,20%",20 Agu 2026 - 19 Sep 2026,7493997783954917108,https://affiliate-id.tokopedia.com/affiliate/creator/detail?cid=7493997783954917108&pair_source=author_filter&enter_from=affiliate_find_creators&search_key=6mEyOagMmXMMrGEHXaUYyMDU6RasTa4zrTP2jUdw31E=&req_id=&query=&shop_region=ID&shop_id=7495839165477914693
perawatan tangan & kaki,ygrianii _ Tokopedia & Shop Affiliate.pdf,ygrianii,spalspil,7,ya,Belum ada rating,"Perawatan & Kec… , +2","90,2 rb",YUXI JAYATAMA,ORI 100% langsung dikirim official !! | Ig: ygrianii,"Rp1,6M","16,88 rb","Rp108,8rb","Rp98,6rb","25,28%","74,69%","Perawatan & Ke… 99,62%; Koper & Tas 0,32%; Perlengkapan H… 0,03%; Kartu produk 0,03%; Lainnya 0,03%","67,21%","7,84%",390,53,"Rp83,1rb",153,"2,36 rb","0,32%","Rp1,3jt",83,"89,2 rb","0,78%","21,68%","78,32%","14,80%","47,50%","25,40%","8,90%","3,40%",20 Agu 2026 - 19 Sep 2026,7494066444907480473,https://affiliate-id.tokopedia.com/affiliate/creator/detail?cid=7494066444907480473&pair_source=author_filter&enter_from=affiliate_find_creators&search_key=kef8LwjWevGlxECzf+6rE86BN3zFxOemiPtaXdpmlgQ=&req_id=&query=&shop_region=ID&shop_id=7495839165477914693
